"Id","Path","Slice Name","Alias(s)","Label","Min","Max","Must Support?","Is Modifier?","Is Summary?","Type(s)","Short","Definition","Comments","Requirements","Default Value","Meaning When Missing","Fixed Value","Pattern","Example","Minimum Value","Maximum Value","Maximum Length","Binding Strength","Binding Description","Binding Value Set","Code","Slicing Discriminator","Slicing Description","Slicing Ordered","Slicing Rules","Base Path","Base Min","Base Max","Condition(s)","Constraint(s)","Mapping: FiveWs Pattern Mapping","Mapping: Object Implementation Information","Mapping: RIM Mapping"
"Evidence","Evidence","","","",0,*,"","","","null {[]} {[]}
","Single evidence bit","The Evidence Resource provides a machine-interpretable expression of an evidence concept including the evidence variables (e.g., population, exposures/interventions, comparators, outcomes, measured variables, confounding variables), the statistics, and the certainty of this evidence.","","","","","","","","","",,,,,"",,,,"Evidence",0,*,"","cnl-0:Name should be usable as an identifier for the module by machine processing applications such as code generation {name.exists() implies name.matches('^[A-Z]([A-Za-z0-9_]){1,254}$')}
","conformance.behavior,clinical.general"
"Evidence.id","Evidence.id","","","",0,1,"","","Y","id {[]} {[]}
","Logical id of this artifact","The logical id of the resource, as used in the URL for the resource. Once assigned, this value never changes.","Within the context of the FHIR RESTful interactions, the resource has an id except for cases like the create and conditional update. Otherwise, the use of the resouce id depends on the given use case.","","","","","","","","",,,,,"",,,,"Resource.id",0,1,"",""
"Evidence.meta","Evidence.meta","","","",0,1,"","","Y","Meta {[]} {[]}
","Metadata about the resource","The metadata about the resource. This is content that is maintained by the infrastructure. Changes to the content might not always be associated with version changes to the resource.","","","","","","","","","",,,,,"",,,,"Resource.meta",0,1,"","ele-1:All FHIR elements must have a @value or children {hasValue() or (children().count() > id.count())}
"
"Evidence.implicitRules","Evidence.implicitRules","","","",0,1,"","Y","Y","uri {[]} {[]}
","A set of rules under which this content was created","A reference to a set of rules that were followed when the resource was constructed, and which must be understood when processing the content. Often, this is a reference to an implementation guide that defines the special rules along with other profiles etc.","Asserting this rule set restricts the content to be only understood by a limited set of trading partners. This inherently limits the usefulness of the data in the long term. However, the existing health eco-system is highly fractured, and not yet ready to define, collect, and exchange data in a generally computable sense. Wherever possible, implementers and/or specification writers should avoid using this element. Often, when used, the URL is a reference to an implementation guide that defines these special rules as part of its narrative along with other profiles, value sets, etc.","","","","","","","","",,,,,"",,,,"Resource.implicitRules",0,1,"","ele-1:All FHIR elements must have a @value or children {hasValue() or (children().count() > id.count())}
"
"Evidence.language","Evidence.language","","","",0,1,"","","","code {[]} {[]}
","Language of the resource content","The base language in which the resource is written.","Language is provided to support indexing and accessibility (typically, services such as text to speech use the language tag). The html language tag in the narrative applies  to the narrative. The language tag on the resource may be used to specify the language of other presentations generated from the data in the resource. Not all the content has to be in the base language. The Resource.language should not be assumed to apply to the narrative automatically. If a language is specified, it should it also be specified on the div element in the html (see rules in HTML5 for information about the relationship between xml:lang and the html lang attribute).","","","","","","","","",,"required","IETF language tag for a human language","http://hl7.org/fhir/ValueSet/all-languages|6.0.0-ballot3","",,,,"Resource.language",0,1,"","ele-1:All FHIR elements must have a @value or children {hasValue() or (children().count() > id.count())}
"
"Evidence.text","Evidence.text","","narrative
htmlxhtmldisplay","",0,1,"","","","Narrative {[]} {[]}
","Text summary of the resource, for human interpretation","A human-readable narrative that contains a summary of the resource and can be used to represent the content of the resource to a human. The narrative need not encode all the structured data, but is required to contain sufficient detail to make it ""clinically safe"" for a human to just read the narrative. Resource definitions may define what content should be represented in the narrative to ensure clinical safety.","Contained resources do not have a narrative. Resources that are not contained SHOULD have a narrative. In some cases, a resource may only have text with little or no additional discrete data (as long as all minOccurs=1 elements are satisfied).  This may be necessary for data from legacy systems where information is captured as a ""text blob"" or where text is additionally entered raw or narrated and encoded information is added later.","","","","","","","","",,,,,"",,,,"DomainResource.text",0,1,"dom-6
","ele-1:All FHIR elements must have a @value or children {hasValue() or (children().count() > id.count())}
","Act.text?"
"Evidence.contained","Evidence.contained","","inline resources
anonymous resourcescontained resources","",0,*,"","","","Resource {[]} {[]}
","Contained, inline Resources","These resources do not have an independent existence apart from the resource that contains them - they cannot be identified independently, nor can they have their own independent transaction scope. This is allowed to be a Parameters resource if and only if it is referenced by a resource that provides context/meaning.","This should never be done when the content can be identified properly, as once identification is lost, it is extremely difficult (and context dependent) to restore it again. Contained resources may have profiles and tags in their meta elements, but SHALL NOT have security labels. Contained resources may be a resource type defined in the FHIR specification, or an [additional resource](http://build.fhir.org/resource.html#additional).","","","","","","","","",,,,,"",,,,"DomainResource.contained",0,*,"dom-2
dom-4dom-3dom-5","","N/A"
"Evidence.extension","Evidence.extension","","extensions
user content","",0,*,"","","","Extension {[]} {[]}
","Additional content defined by implementations","May be used to represent additional information that is not part of the basic definition of the resource. To make the use of extensions safe and managable, there is a strict set of governance applied to the definition and use of extensions. Though any implementer can define an extension, there is a set of requirements that SHALL be met as part of the definition of the extension.","There can be no stigma associated with the use of extensions by any application, project, or standard - regardless of the institution or jurisdiction that uses or defines the extensions.  The use of extensions is what allows the FHIR specification to retain a core level of simplicity for everyone.","","","","","","","","",,,,,"",,,,"DomainResource.extension",0,*,"","ele-1:All FHIR elements must have a @value or children {hasValue() or (children().count() > id.count())}
","N/A"
"Evidence.modifierExtension","Evidence.modifierExtension","","extensions
user content","",0,*,"","Y","Y","Extension {[]} {[]}
","Extensions that cannot be ignored","May be used to represent additional information that is not part of the basic definition of the resource and that modifies the understanding of the element that contains it and/or the understanding of the containing element's descendants. Usually modifier elements provide negation or qualification. To make the use of extensions safe and managable, there is a strict set of governance applied to the definition and use of extensions. Though any implementer is allowed to define an extension, there is a set of requirements that SHALL be met as part of the definition of the extension. Applications processing a resource are required to check for modifier extensions.

Modifier extensions SHALL NOT change the meaning of any elements on Resource or DomainResource (including cannot change the meaning of modifierExtension itself).","There can be no stigma associated with the use of extensions by any application, project, or standard - regardless of the institution or jurisdiction that uses or defines the extensions.  The use of extensions is what allows the FHIR specification to retain a core level of simplicity for everyone.","Modifier extensions allow for extensions that *cannot* be safely ignored to be clearly distinguished from the vast majority of extensions which can be safely ignored.  This promotes interoperability by eliminating the need for implementers to prohibit the presence of extensions. For further information, see the [definition of modifier extensions](http://build.fhir.org/extensibility.html#modifierExtension).","","","","","","","",,,,,"",,,,"DomainResource.modifierExtension",0,*,"","ele-1:All FHIR elements must have a @value or children {hasValue() or (children().count() > id.count())}
","N/A"
"Evidence.url","Evidence.url","","","",0,1,"","","Y","uri {[]} {[]}
","Canonical identifier for this evidence, represented as a globally unique URI","An absolute URI that is used to identify this evidence when it is referenced in a specification, model, design or an instance; also called its canonical identifier. This SHOULD be globally unique and SHOULD be a literal address at which an authoritative instance of this summary is (or will be) published. This URL can be the target of a canonical reference. It SHALL remain the same when the summary is stored on different servers.","In some cases, the resource can no longer be found at the stated url, but the url itself cannot change. Implementations can use the meta.source element to indicate where the current master source of the resource can be found.","Allows the evidence to be referenced by a single globally unique identifier.","","","","","","","",,,,,"",,,,"Evidence.url",0,1,"","cnl-1:URL should not contain | or # - these characters make processing canonical references problematic {exists() implies matches('^[^|# ]+$')}
ele-1:All FHIR elements must have a @value or children {hasValue() or (children().count() > id.count())}","FiveWs.identifier"
"Evidence.identifier","Evidence.identifier","","","",0,*,"","","Y","Identifier {[]} {[]}
","Additional identifier for the summary","A formal identifier that is used to identify this summary when it is represented in other formats, or referenced in a specification, model, design or an instance.","","Allows externally provided and/or usable business identifiers to be easily associated with the module.","","","","","","","",,,,,"",,,,"Evidence.identifier",0,*,"","ele-1:All FHIR elements must have a @value or children {hasValue() or (children().count() > id.count())}
","FiveWs.identifier","no-gen-base"
"Evidence.version","Evidence.version","","","",0,1,"","","Y","string {[]} {[]}
","Business version of this summary","The identifier that is used to identify this version of the summary when it is referenced in a specification, model, design or instance. This is an arbitrary value managed by the summary author and is not expected to be globally unique. For example, it might be a timestamp (e.g. yyyymmdd) if a managed version is not available. There is also no expectation that versions can be placed in a lexicographical sequence.","The determination of when to create a new version of a resource (same url, new version) vs. defining a new artifact is up to the author. Considerations for making this decision are found in Technical and Business Versions.","","","","","","","","",,,,,"",,,,"Evidence.version",0,1,"","ele-1:All FHIR elements must have a @value or children {hasValue() or (children().count() > id.count())}
","FiveWs.version"
"Evidence.versionAlgorithm[x]","Evidence.versionAlgorithm[x]","","","",0,1,"","","Y","string {[]} {[]}
Coding {[]} {[]}","How to compare versions","Indicates the mechanism used to compare versions to determine which is more current.","If set as a string, this is a FHIRPath expression that has two additional context variables passed in - %version1 and %version2 and will return a negative number if version1 is newer, a positive number if version2 is newer, and a 0 if the version ordering can't successfully be determined.","","","","","","","","",,"extensible","","http://hl7.org/fhir/ValueSet/version-algorithm|6.0.0-ballot3","",,,,"Evidence.versionAlgorithm[x]",0,1,"","ele-1:All FHIR elements must have a @value or children {hasValue() or (children().count() > id.count())}
"
"Evidence.name","Evidence.name","","","",0,1,"","","","string {[]} {[]}
","Name for this summary (machine friendly)","A natural language name identifying the evidence. This name should be usable as an identifier for the module by machine processing applications such as code generation.","The name is not expected to be globally unique. The name should be a simple alphanumeric type name to ensure that it is machine-processing friendly.","","","","","","","","",,,,,"",,,,"Evidence.name",0,1,"cnl-0
","ele-1:All FHIR elements must have a @value or children {hasValue() or (children().count() > id.count())}
"
"Evidence.title","Evidence.title","","","",0,1,"","","Y","string {[]} {[]}
","Name for this summary (human friendly)","A short, descriptive, user-friendly title for the summary.","","","","","","","","","",,,,,"",,,,"Evidence.title",0,1,"","ele-1:All FHIR elements must have a @value or children {hasValue() or (children().count() > id.count())}
"
"Evidence.citeAs","Evidence.citeAs","","","",0,1,"","","","markdown {[]} {[]}
","Display of how to cite this Evidence","Display of the suggested method of how to cite this Evidence.","","","","","","","","","",,,,,"",,,,"Evidence.citeAs",0,1,"","ele-1:All FHIR elements must have a @value or children {hasValue() or (children().count() > id.count())}
"
"Evidence.status","Evidence.status","","","",1,1,"","Y","Y","code {[]} {[]}
","draft | active | retired | unknown","The status of this summary. Enables tracking the life-cycle of the content.","Allows filtering of summaries that are appropriate for use versus not.

See guidance around (not) making local changes to elements [here](http://hl7.org/fhir/R5/canonicalresource.html#localization).","","","","","","","","",,"required","The lifecycle status of an artifact.","http://hl7.org/fhir/ValueSet/publication-status|6.0.0-ballot3","",,,,"Evidence.status",1,1,"","ele-1:All FHIR elements must have a @value or children {hasValue() or (children().count() > id.count())}
","FiveWs.status"
"Evidence.experimental","Evidence.experimental","","","",0,1,"","","","boolean {[]} {[]}
","For testing only - never for real usage","A Boolean value to indicate that this resource is authored for testing purposes (or education/evaluation/marketing) and no version of this resource will ever be intended for genuine usage.","Allows filtering of artifacts that are appropriate for use versus not. Experimental resources might include example instances in implementation guides, instances created solely for testing purposes, etc. If experimental is 'true' for any version of a resource, it should be true for all versions of the resource.  (If experimental changes, then it is being misused or a resource that was never intended for real-world use has unexpectedly changed its purpose.).

Experimental resources are not expected to be stable and may well have breaking changes without a corresponding change to the 'version' element.","","","If absent, this resource is treated as though it is not experimental.","","","","","",,,,,"",,,,"Evidence.experimental",0,1,"","ele-1:All FHIR elements must have a @value or children {hasValue() or (children().count() > id.count())}
"
"Evidence.date","Evidence.date","","Revision Date
","",0,1,"","","Y","dateTime {[]} {[]}
","Date last changed","The date  (and optionally time) when the summary was last significantly changed. The date must change when the business version changes and it must change if the status code changes. In addition, it should change when the substantive content of the summary changes.","The date is often not tracked until the resource is published, but may be present on draft content. Note that this is not the same as the resource last-modified-date, since the resource may be a secondary representation of the summary. Additional specific dates may be added as extensions or be found by consulting Provenances associated with past versions of the resource.

See guidance around (not) making local changes to elements [here](http://hl7.org/fhir/R5/canonicalresource.html#localization).","","","","","","","","",,,,,"",,,,"Evidence.date",0,1,"","ele-1:All FHIR elements must have a @value or children {hasValue() or (children().count() > id.count())}
","FiveWs.recorded"
"Evidence.approvalDate","Evidence.approvalDate","","","",0,1,"","","","date {[]} {[]}
","When the summary was approved by publisher","The date on which the resource content was approved by the publisher. Approval happens once when the content is officially approved for usage.","The 'date' element may be more recent than the approval date because of minor changes or editorial corrections.

See guidance around (not) making local changes to elements [here](http://hl7.org/fhir/R5/canonicalresource.html#localization).","","","","","","","","",,,,,"",,,,"Evidence.approvalDate",0,1,"","ele-1:All FHIR elements must have a @value or children {hasValue() or (children().count() > id.count())}
","no-gen-base"
"Evidence.lastReviewDate","Evidence.lastReviewDate","","","",0,1,"","","","date {[]} {[]}
","When the summary was last reviewed by the publisher","The date on which the resource content was last reviewed. Review happens periodically after approval but does not change the original approval date.","If specified, this date follows the original approval date.

See guidance around (not) making local changes to elements [here](http://hl7.org/fhir/R5/canonicalresource.html#localization).","Gives a sense of how ""current"" the content is.  Resources that have not been reviewed in a long time may have a risk of being less appropriate/relevant.","","","","","","","",,,,,"",,,,"Evidence.lastReviewDate",0,1,"","ele-1:All FHIR elements must have a @value or children {hasValue() or (children().count() > id.count())}
","no-gen-base"
"Evidence.author","Evidence.author","","","",0,*,"","","Y","ContactDetail {[]} {[]}
","Who authored the content","An individiual, organization, or device primarily involved in the creation and maintenance of the content.","Extensions to ContactDetail include: contactReference, contactAddress, and contributionTime (see [Clinical Reasoning Module](http://hl7.org/fhir/R5/clinicalreasoning-module.html)).","","","","","","","","",,,,,"",,,,"Evidence.author",0,*,"","ele-1:All FHIR elements must have a @value or children {hasValue() or (children().count() > id.count())}
","FiveWs.author"
"Evidence.publisher","Evidence.publisher","","","",0,1,"","","Y","string {[]} {[]}
","Name of the publisher/steward (organization or individual)","The name of the organization or individual responsible for the release and ongoing maintenance of the evidence.","Usually an organization but may be an individual. The publisher (or steward) of the evidence is the organization or individual primarily responsible for the maintenance and upkeep of the evidence. This is not necessarily the same individual or organization that developed and initially authored the content. The publisher is the primary point of contact for questions or issues with the evidence. This item SHOULD be populated unless the information is available from context.","Helps establish the ""authority/credibility"" of the evidence.  May also allow for contact.","","","","","","","",,,,,"",,,,"Evidence.publisher",0,1,"","ele-1:All FHIR elements must have a @value or children {hasValue() or (children().count() > id.count())}
","FiveWs.witness"
"Evidence.contact","Evidence.contact","","","",0,*,"","","Y","ContactDetail {[]} {[]}
","Contact details for the publisher","Contact details to assist a user in finding and communicating with the publisher.","Extensions to ContactDetail include: contactReference, contactAddress, and contributionTime (see [Clinical Reasoning Module](http://hl7.org/fhir/R5/clinicalreasoning-module.html)).

See guidance around (not) making local changes to elements [here](http://hl7.org/fhir/R5/canonicalresource.html#localization).","","","","","","","","",,,,,"",,,,"Evidence.contact",0,*,"","ele-1:All FHIR elements must have a @value or children {hasValue() or (children().count() > id.count())}
"
"Evidence.recorder","Evidence.recorder","","","",0,*,"","","","ContactDetail {[]} {[]}
","Who entered the data for the evidence","Who entered the data for the evidence.","The Evidence.recorder element is structured to support a name (with a string datatype) and contact point information for the recorder, and is not structured to support unique identifiers for the recorder. If detailed contributorship data is needed, then one can create a Citation Resource for the Evidence Resource.","","","","","","","","",,,,,"",,,,"Evidence.recorder",0,*,"","ele-1:All FHIR elements must have a @value or children {hasValue() or (children().count() > id.count())}
"
"Evidence.editor","Evidence.editor","","","",0,*,"","","","ContactDetail {[]} {[]}
","Who edited the content","An individiual, organization, or device primarily responsible for internal coherence of the content.","Extensions to ContactDetail include: contactReference, contactAddress, and contributionTime (see [Clinical Reasoning Module](http://hl7.org/fhir/R5/clinicalreasoning-module.html)).","","","","","","","","",,,,,"",,,,"Evidence.editor",0,*,"","ele-1:All FHIR elements must have a @value or children {hasValue() or (children().count() > id.count())}
"
"Evidence.reviewer","Evidence.reviewer","","","",0,*,"","","","ContactDetail {[]} {[]}
","Who reviewed the content","An individiual, organization, or device primarily responsible for review of some aspect of the content.","Extensions to ContactDetail include: contactReference, contactAddress, and contributionTime (see [Clinical Reasoning Module](http://hl7.org/fhir/R5/clinicalreasoning-module.html)).

See guidance around (not) making local changes to elements [here](http://hl7.org/fhir/R5/canonicalresource.html#localization).","","","","","","","","",,,,,"",,,,"Evidence.reviewer",0,*,"","ele-1:All FHIR elements must have a @value or children {hasValue() or (children().count() > id.count())}
"
"Evidence.endorser","Evidence.endorser","","","",0,*,"","","","ContactDetail {[]} {[]}
","Who endorsed the content","An individiual, organization, or device responsible for officially endorsing the content for use in some setting.","Extensions to ContactDetail include: contactReference, contactAddress, and contributionTime (see [Clinical Reasoning Module](http://hl7.org/fhir/R5/clinicalreasoning-module.html)).

See guidance around (not) making local changes to elements [here](http://hl7.org/fhir/R5/canonicalresource.html#localization).","","","","","","","","",,,,,"",,,,"Evidence.endorser",0,*,"","ele-1:All FHIR elements must have a @value or children {hasValue() or (children().count() > id.count())}
"
"Evidence.useContext","Evidence.useContext","","","",0,*,"","","Y","UsageContext {[]} {[]}
","The context that the content is intended to support","The content was developed with a focus and intent of supporting the contexts that are listed. These contexts may be general categories (gender, age, ...) or may be references to specific programs (insurance plans, studies, ...) and may be used to assist with indexing and searching for appropriate evidence instances.","When multiple useContexts are specified, there is no expectation that all or any of the contexts apply.","Assist in searching for appropriate content.","","","","","","","",,,,,"",,,,"Evidence.useContext",0,*,"","ele-1:All FHIR elements must have a @value or children {hasValue() or (children().count() > id.count())}
"
"Evidence.purpose","Evidence.purpose","","","",0,1,"","","","markdown {[]} {[]}
","Why this Evidence is defined","Explanation of why this Evidence is needed and why it has been designed as it has.","This element does not describe the usage of the Evidence. Instead, it provides traceability of ''why'' the resource is either needed or ''why'' it is defined as it is. This may be used to point to source materials or specifications that drove the structure of this Evidence.","","","","","","","","",,,,,"",,,,"Evidence.purpose",0,1,"","ele-1:All FHIR elements must have a @value or children {hasValue() or (children().count() > id.count())}
","FiveWs.why[x]","no-gen-base"
"Evidence.copyright","Evidence.copyright","","License
Restrictions","",0,1,"","","","markdown {[]} {[]}
","Intellectual property ownership, may include restrictions on use","A copyright statement relating to the Evidence and/or its contents. Copyright statements are legal notices of intellectual property ownership and may include restrictions on the use and publishing of the Evidence.","The short copyright declaration (e.g. (c) '2015+ xyz organization' should be sent in the copyrightLabel element.","Consumers must be able to determine any legal restrictions on the use of the Evidence and/or its content.","","","","","","","",,,,,"",,,,"Evidence.copyright",0,1,"","ele-1:All FHIR elements must have a @value or children {hasValue() or (children().count() > id.count())}
","no-gen-base"
"Evidence.copyrightLabel","Evidence.copyrightLabel","","","",0,1,"","","","string {[]} {[]}
","Copyright holder and year(s)","A short string (<50 characters), suitable for inclusion in a page footer that identifies the copyright holder, effective period, and optionally whether rights are restricted. (e.g. 'All rights reserved', 'Some rights reserved').","The (c) symbol should NOT be included in this string. It will be added by software when rendering the notation. Full details about licensing, restrictions, warrantees, etc. goes in the more general 'copyright' element.","Defines the content expected to be rendered in all representations of the artifact.","","","","","","","",,,,,"",,,,"Evidence.copyrightLabel",0,1,"","ele-1:All FHIR elements must have a @value or children {hasValue() or (children().count() > id.count())}
"
"Evidence.relatesTo","Evidence.relatesTo","","","",0,*,"","","","BackboneElement {[]} {[]}
","Relationships to other Resources","Relationships that this Evidence has with other FHIR or non-FHIR resources that already exist.","","","","","","","","","",,,,,"",,,,"Evidence.relatesTo",0,*,"","ele-1:All FHIR elements must have a @value or children or both {hasValue() or (children().count() > id.count())}
"
"Evidence.relatesTo.id","Evidence.relatesTo.id","","","",0,1,"","","","string {[]} {[]}
","Unique id for inter-element referencing","Unique id for the element within a resource (for internal references). This may be any string value that does not contain spaces.","","","","","","","","","",,,,,"",,,,"Element.id",0,1,"ele-1
","","n/a"
"Evidence.relatesTo.extension","Evidence.relatesTo.extension","","extensions
user content","",0,*,"","","","Extension {[]} {[]}
","Additional content defined by implementations","May be used to represent additional information that is not part of the basic definition of the element. To make the use of extensions safe and managable, there is a strict set of governance applied to the definition and use of extensions. Though any implementer can define an extension, there is a set of requirements that SHALL be met as part of the definition of the extension.","There can be no stigma associated with the use of extensions by any application, project, or standard - regardless of the institution or jurisdiction that uses or defines the extensions.  The use of extensions is what allows the FHIR specification to retain a core level of simplicity for everyone.","","","","","","","","",,,,,"",,,,"Element.extension",0,*,"","ele-1:All FHIR elements must have a @value or children {hasValue() or (children().count() > id.count())}
","n/a"
"Evidence.relatesTo.modifierExtension","Evidence.relatesTo.modifierExtension","","extensions
user contentmodifiers","",0,*,"","Y","Y","Extension {[]} {[]}
","Extensions that cannot be ignored even if unrecognized","May be used to represent additional information that is not part of the basic definition of the element and that modifies the understanding of the element in which it is contained and/or the understanding of the containing element's descendants. Usually modifier elements provide negation or qualification. To make the use of extensions safe and managable, there is a strict set of governance applied to the definition and use of extensions. Though any implementer can define an extension, there is a set of requirements that SHALL be met as part of the definition of the extension. Applications processing a resource are required to check for modifier extensions.

Modifier extensions SHALL NOT change the meaning of any elements on Resource or DomainResource (including cannot change the meaning of modifierExtension itself).","There can be no stigma associated with the use of extensions by any application, project, or standard - regardless of the institution or jurisdiction that uses or defines the extensions.  The use of extensions is what allows the FHIR specification to retain a core level of simplicity for everyone.","Modifier extensions allow for extensions that *cannot* be safely ignored to be clearly distinguished from the vast majority of extensions which can be safely ignored.  This promotes interoperability by eliminating the need for implementers to prohibit the presence of extensions. For further information, see the [definition of modifier extensions](http://build.fhir.org/extensibility.html#modifierExtension).","","","","","","","",,,,,"",,,,"BackboneElement.modifierExtension",0,*,"","ele-1:All FHIR elements must have a @value or children {hasValue() or (children().count() > id.count())}
","N/A"
"Evidence.relatesTo.type","Evidence.relatesTo.type","","","",1,1,"","","","code {[]} {[]}
","documentation | justification | predecessor | successor | derived-from | depends-on | composed-of | part-of | amends | amended-with | appends | appended-with | cites | cited-by | comments-on | comment-in | contains | contained-in | corrects | correction-in | replaces | replaced-with | retracts | retracted-by | signs | similar-to | supports | supported-with | transforms | transformed-into | transformed-with | specification-of | created-with | cite-as | summarizes","The type of relationship to the related artifact.","","","","","","","","","",,"required","The type of relationship to the related artifact.","http://hl7.org/fhir/ValueSet/artifact-relationship-type|6.0.0-ballot3","",,,,"Evidence.relatesTo.type",1,1,"","ele-1:All FHIR elements must have a @value or children {hasValue() or (children().count() > id.count())}
"
"Evidence.relatesTo.target[x]","Evidence.relatesTo.target[x]","","","",1,1,"","","","uri {[]} {[]}
Attachment {[]} {[]}canonical {[]} {[CanonicalType[http://hl7.org/fhir/StructureDefinition/Resource|6.0.0-ballot3]]}Reference {[]} {[CanonicalType[http://hl7.org/fhir/StructureDefinition/Resource|6.0.0-ballot3]]}markdown {[]} {[]}","The artifact that is related to this Evidence","The artifact that is related to this Evidence Resource.","","","","","","","","","",,,,,"",,,,"Evidence.relatesTo.target[x]",1,1,"","ele-1:All FHIR elements must have a @value or children {hasValue() or (children().count() > id.count())}
"
"Evidence.description","Evidence.description","","","",0,1,"","","Y","markdown {[]} {[]}
","Description of the particular summary","A natural language summary of the evidence.","This description can be used to capture details such as comments about misuse, instructions for clinical use and interpretation, literature references, examples from the paper world, etc. It is not a rendering of the evidence as conveyed in the 'text' field of the resource itself. This item SHOULD be populated unless the information is available from context (e.g. the language of the evidence is presumed to be the predominant language in the place the evidence was created).","","","","","","","","",,,,,"",,,,"Evidence.description",0,1,"","ele-1:All FHIR elements must have a @value or children {hasValue() or (children().count() > id.count())}
"
"Evidence.assertion","Evidence.assertion","","","",0,1,"","","","markdown {[]} {[]}
","Declarative description of the Evidence","Declarative description of the Evidence, such as conclusion or bottom line statement.","","","","","","","","","",,,,,"",,,,"Evidence.assertion",0,1,"","ele-1:All FHIR elements must have a @value or children {hasValue() or (children().count() > id.count())}
"
"Evidence.note","Evidence.note","","","",0,*,"","","","Annotation {[]} {[]}
","Footnotes and/or explanatory notes","Footnotes and/or explanatory notes.","","","","","","","","","",,,,,"",,,,"Evidence.note",0,*,"","ele-1:All FHIR elements must have a @value or children {hasValue() or (children().count() > id.count())}
"
"Evidence.variableDefinition","Evidence.variableDefinition","","","",1,*,"","","","BackboneElement {[]} {[]}
","Description, classification, and definition of a single variable","Description, classification, and definition of a single variable. The collection of variables defines what the evidence is about.","Comparative evidence is often defined with a population variable, an exposure variable and an outcome variable, while non comparative evidence is often defined with a population variable and an outcome variable.","","","","","","","","",,,,,"","value:variableRole}
","",,"open","Evidence.variableDefinition",0,*,"","ele-1:All FHIR elements must have a @value or children or both {hasValue() or (children().count() > id.count())}
"
"Evidence.variableDefinition.id","Evidence.variableDefinition.id","","","",0,1,"","","","string {[]} {[]}
","Unique id for inter-element referencing","Unique id for the element within a resource (for internal references). This may be any string value that does not contain spaces.","","","","","","","","","",,,,,"",,,,"Element.id",0,1,"ele-1
","","n/a"
"Evidence.variableDefinition.extension","Evidence.variableDefinition.extension","","extensions
user content","",0,*,"","","","Extension {[]} {[]}
","Additional content defined by implementations","May be used to represent additional information that is not part of the basic definition of the element. To make the use of extensions safe and managable, there is a strict set of governance applied to the definition and use of extensions. Though any implementer can define an extension, there is a set of requirements that SHALL be met as part of the definition of the extension.","There can be no stigma associated with the use of extensions by any application, project, or standard - regardless of the institution or jurisdiction that uses or defines the extensions.  The use of extensions is what allows the FHIR specification to retain a core level of simplicity for everyone.","","","","","","","","",,,,,"",,,,"Element.extension",0,*,"","ele-1:All FHIR elements must have a @value or children {hasValue() or (children().count() > id.count())}
","n/a"
"Evidence.variableDefinition.modifierExtension","Evidence.variableDefinition.modifierExtension","","extensions
user contentmodifiers","",0,*,"","Y","Y","Extension {[]} {[]}
","Extensions that cannot be ignored even if unrecognized","May be used to represent additional information that is not part of the basic definition of the element and that modifies the understanding of the element in which it is contained and/or the understanding of the containing element's descendants. Usually modifier elements provide negation or qualification. To make the use of extensions safe and managable, there is a strict set of governance applied to the definition and use of extensions. Though any implementer can define an extension, there is a set of requirements that SHALL be met as part of the definition of the extension. Applications processing a resource are required to check for modifier extensions.

Modifier extensions SHALL NOT change the meaning of any elements on Resource or DomainResource (including cannot change the meaning of modifierExtension itself).","There can be no stigma associated with the use of extensions by any application, project, or standard - regardless of the institution or jurisdiction that uses or defines the extensions.  The use of extensions is what allows the FHIR specification to retain a core level of simplicity for everyone.","Modifier extensions allow for extensions that *cannot* be safely ignored to be clearly distinguished from the vast majority of extensions which can be safely ignored.  This promotes interoperability by eliminating the need for implementers to prohibit the presence of extensions. For further information, see the [definition of modifier extensions](http://build.fhir.org/extensibility.html#modifierExtension).","","","","","","","",,,,,"",,,,"BackboneElement.modifierExtension",0,*,"","ele-1:All FHIR elements must have a @value or children {hasValue() or (children().count() > id.count())}
","N/A"
"Evidence.variableDefinition.description","Evidence.variableDefinition.description","","","",0,1,"","","","markdown {[]} {[]}
","A text description or summary of the variable","A text description or summary of the variable.","","","","","","","","","",,,,,"",,,,"Evidence.variableDefinition.description",0,1,"","ele-1:All FHIR elements must have a @value or children {hasValue() or (children().count() > id.count())}
"
"Evidence.variableDefinition.note","Evidence.variableDefinition.note","","","",0,*,"","","","Annotation {[]} {[]}
","Footnotes and/or explanatory notes","Footnotes and/or explanatory notes.","","","","","","","","","",,,,,"",,,,"Evidence.variableDefinition.note",0,*,"","ele-1:All FHIR elements must have a @value or children {hasValue() or (children().count() > id.count())}
"
"Evidence.variableDefinition.variableRole","Evidence.variableDefinition.variableRole","","","",1,1,"","","Y","code {[]} {[]}
","population | exposure | outcome | covariate","Classification of the role of the variable.","","","","","","","","","",,"required","The role that the variable plays.","http://hl7.org/fhir/ValueSet/variable-role|6.0.0-ballot3","",,,,"Evidence.variableDefinition.variableRole",1,1,"","ele-1:All FHIR elements must have a @value or children {hasValue() or (children().count() > id.count())}
"
"Evidence.variableDefinition.roleSubtype","Evidence.variableDefinition.roleSubtype","","","",0,1,"","","","CodeableConcept {[]} {[]}
","Sub-classification of the role of the variable","Sub-classification of the role of the variable.","","","","","","","","","",,"extensible","The sub-role that the variable plays.","http://hl7.org/fhir/ValueSet/variable-role-subtype|6.0.0-ballot3","",,,,"Evidence.variableDefinition.roleSubtype",0,1,"","ele-1:All FHIR elements must have a @value or children {hasValue() or (children().count() > id.count())}
"
"Evidence.variableDefinition.comparatorCategory","Evidence.variableDefinition.comparatorCategory","","","",0,1,"","","","string {[]} {[]}
","The reference value used for comparison","The reference value used for comparison.","Value should match EvidenceVariable.category.name in the EvidenceVariable referenced in the observed or intended element.","","","","","","","","",,,,,"",,,,"Evidence.variableDefinition.comparatorCategory",0,1,"","ele-1:All FHIR elements must have a @value or children {hasValue() or (children().count() > id.count())}
"
"Evidence.variableDefinition.observed","Evidence.variableDefinition.observed","","","",0,1,"","","Y","Reference {[]} {[CanonicalType[http://hl7.org/fhir/StructureDefinition/Group|6.0.0-ballot3], CanonicalType[http://hl7.org/fhir/StructureDefinition/EvidenceVariable|6.0.0-ballot3]]}
","Definition of the actual variable related to the statistic(s)","Definition of the actual variable related to the statistic(s), i.e., the population being the actual study sample or the measured variable (exposure, outcome, or covariate) being the actual observation that occurred or will occur in the study.","","","","","","","","","",,,,,"",,,,"Evidence.variableDefinition.observed",0,1,"","ele-1:All FHIR elements must have a @value or children {hasValue() or (children().count() > id.count())}
"
"Evidence.variableDefinition.intended","Evidence.variableDefinition.intended","","","",0,1,"","","","Reference {[]} {[CanonicalType[http://hl7.org/fhir/StructureDefinition/Group|6.0.0-ballot3], CanonicalType[http://hl7.org/fhir/StructureDefinition/EvidenceVariable|6.0.0-ballot3]]}
","Definition of the intended variable related to the Evidence","Definition of the intended variable related to the Evidence, i.e., the population, exposure, or outcome for which the statistical finding is being interpreted.","","","","","","","","","",,,,,"",,,,"Evidence.variableDefinition.intended",0,1,"","ele-1:All FHIR elements must have a @value or children {hasValue() or (children().count() > id.count())}
"
"Evidence.variableDefinition.directnessMatch","Evidence.variableDefinition.directnessMatch","","","",0,1,"","","","CodeableConcept {[]} {[]}
","low | moderate | high | exact","Indication of quality of match between intended variable to actual variable.","","","","","","","","","",,"extensible","The quality of how direct the match is.","http://terminology.hl7.org/ValueSet/directness","",,,,"Evidence.variableDefinition.directnessMatch",0,1,"","ele-1:All FHIR elements must have a @value or children {hasValue() or (children().count() > id.count())}
"
"Evidence.variableDefinition:outcome","Evidence.variableDefinition","outcome","","",1,*,"","","","BackboneElement {[]} {[]}
","Description, classification, and definition of a single variable","Description, classification, and definition of a single variable. The collection of variables defines what the evidence is about.","Comparative evidence is often defined with a population variable, an exposure variable and an outcome variable, while non comparative evidence is often defined with a population variable and an outcome variable.","","","","","","","","",,,,,"",,,,"Evidence.variableDefinition",0,*,"","ele-1:All FHIR elements must have a @value or children or both {hasValue() or (children().count() > id.count())}
"
"Evidence.variableDefinition:outcome.id","Evidence.variableDefinition.id","","","",0,1,"","","","string {[]} {[]}
","Unique id for inter-element referencing","Unique id for the element within a resource (for internal references). This may be any string value that does not contain spaces.","","","","","","","","","",,,,,"",,,,"Element.id",0,1,"ele-1
","","n/a"
"Evidence.variableDefinition:outcome.extension","Evidence.variableDefinition.extension","","extensions
user content","",0,*,"","","","Extension {[]} {[]}
","Additional content defined by implementations","May be used to represent additional information that is not part of the basic definition of the element. To make the use of extensions safe and managable, there is a strict set of governance applied to the definition and use of extensions. Though any implementer can define an extension, there is a set of requirements that SHALL be met as part of the definition of the extension.","There can be no stigma associated with the use of extensions by any application, project, or standard - regardless of the institution or jurisdiction that uses or defines the extensions.  The use of extensions is what allows the FHIR specification to retain a core level of simplicity for everyone.","","","","","","","","",,,,,"",,,,"Element.extension",0,*,"","ele-1:All FHIR elements must have a @value or children {hasValue() or (children().count() > id.count())}
","n/a"
"Evidence.variableDefinition:outcome.modifierExtension","Evidence.variableDefinition.modifierExtension","","extensions
user contentmodifiers","",0,*,"","Y","Y","Extension {[]} {[]}
","Extensions that cannot be ignored even if unrecognized","May be used to represent additional information that is not part of the basic definition of the element and that modifies the understanding of the element in which it is contained and/or the understanding of the containing element's descendants. Usually modifier elements provide negation or qualification. To make the use of extensions safe and managable, there is a strict set of governance applied to the definition and use of extensions. Though any implementer can define an extension, there is a set of requirements that SHALL be met as part of the definition of the extension. Applications processing a resource are required to check for modifier extensions.

Modifier extensions SHALL NOT change the meaning of any elements on Resource or DomainResource (including cannot change the meaning of modifierExtension itself).","There can be no stigma associated with the use of extensions by any application, project, or standard - regardless of the institution or jurisdiction that uses or defines the extensions.  The use of extensions is what allows the FHIR specification to retain a core level of simplicity for everyone.","Modifier extensions allow for extensions that *cannot* be safely ignored to be clearly distinguished from the vast majority of extensions which can be safely ignored.  This promotes interoperability by eliminating the need for implementers to prohibit the presence of extensions. For further information, see the [definition of modifier extensions](http://build.fhir.org/extensibility.html#modifierExtension).","","","","","","","",,,,,"",,,,"BackboneElement.modifierExtension",0,*,"","ele-1:All FHIR elements must have a @value or children {hasValue() or (children().count() > id.count())}
","N/A"
"Evidence.variableDefinition:outcome.description","Evidence.variableDefinition.description","","","",0,1,"","","","markdown {[]} {[]}
","A text description or summary of the variable","A text description or summary of the variable.","","","","","","","","","",,,,,"",,,,"Evidence.variableDefinition.description",0,1,"","ele-1:All FHIR elements must have a @value or children {hasValue() or (children().count() > id.count())}
"
"Evidence.variableDefinition:outcome.note","Evidence.variableDefinition.note","","","",0,*,"","","","Annotation {[]} {[]}
","Footnotes and/or explanatory notes","Footnotes and/or explanatory notes.","","","","","","","","","",,,,,"",,,,"Evidence.variableDefinition.note",0,*,"","ele-1:All FHIR elements must have a @value or children {hasValue() or (children().count() > id.count())}
"
"Evidence.variableDefinition:outcome.variableRole","Evidence.variableDefinition.variableRole","","","",1,1,"","","Y","code {[]} {[]}
","population | exposure | outcome | covariate","Classification of the role of the variable.","","","","","","<valueCode xmlns=""http://hl7.org/fhir"" value=""outcome""/>","","","",,"required","The role that the variable plays.","http://hl7.org/fhir/ValueSet/variable-role|6.0.0-ballot3","",,,,"Evidence.variableDefinition.variableRole",1,1,"","ele-1:All FHIR elements must have a @value or children {hasValue() or (children().count() > id.count())}
"
"Evidence.variableDefinition:outcome.roleSubtype","Evidence.variableDefinition.roleSubtype","","","",0,1,"","","","CodeableConcept {[]} {[]}
","Sub-classification of the role of the variable","Sub-classification of the role of the variable.","","","","","","","","","",,"extensible","The sub-role that the variable plays.","http://hl7.org/fhir/ValueSet/variable-role-subtype|6.0.0-ballot3","",,,,"Evidence.variableDefinition.roleSubtype",0,1,"","ele-1:All FHIR elements must have a @value or children {hasValue() or (children().count() > id.count())}
"
"Evidence.variableDefinition:outcome.comparatorCategory","Evidence.variableDefinition.comparatorCategory","","","",0,1,"","","","string {[]} {[]}
","The reference value used for comparison","The reference value used for comparison.","Value should match EvidenceVariable.category.name in the EvidenceVariable referenced in the observed or intended element.","","","","","","","","",,,,,"",,,,"Evidence.variableDefinition.comparatorCategory",0,1,"","ele-1:All FHIR elements must have a @value or children {hasValue() or (children().count() > id.count())}
"
"Evidence.variableDefinition:outcome.observed","Evidence.variableDefinition.observed","","","",0,1,"","","Y","Reference {[]} {[CanonicalType[http://hl7.org/fhir/StructureDefinition/Group|6.0.0-ballot3], CanonicalType[http://hl7.org/fhir/StructureDefinition/EvidenceVariable|6.0.0-ballot3]]}
","Definition of the actual variable related to the statistic(s)","Definition of the actual variable related to the statistic(s), i.e., the population being the actual study sample or the measured variable (exposure, outcome, or covariate) being the actual observation that occurred or will occur in the study.","","","","","","","","","",,,,,"",,,,"Evidence.variableDefinition.observed",0,1,"","ele-1:All FHIR elements must have a @value or children {hasValue() or (children().count() > id.count())}
"
"Evidence.variableDefinition:outcome.intended","Evidence.variableDefinition.intended","","","",0,1,"","","","Reference {[]} {[CanonicalType[http://hl7.org/fhir/StructureDefinition/Group|6.0.0-ballot3], CanonicalType[http://hl7.org/fhir/StructureDefinition/EvidenceVariable|6.0.0-ballot3]]}
","Definition of the intended variable related to the Evidence","Definition of the intended variable related to the Evidence, i.e., the population, exposure, or outcome for which the statistical finding is being interpreted.","","","","","","","","","",,,,,"",,,,"Evidence.variableDefinition.intended",0,1,"","ele-1:All FHIR elements must have a @value or children {hasValue() or (children().count() > id.count())}
"
"Evidence.variableDefinition:outcome.directnessMatch","Evidence.variableDefinition.directnessMatch","","","",0,1,"","","","CodeableConcept {[]} {[]}
","low | moderate | high | exact","Indication of quality of match between intended variable to actual variable.","","","","","","","","","",,"extensible","The quality of how direct the match is.","http://terminology.hl7.org/ValueSet/directness","",,,,"Evidence.variableDefinition.directnessMatch",0,1,"","ele-1:All FHIR elements must have a @value or children {hasValue() or (children().count() > id.count())}
"
"Evidence.synthesisType","Evidence.synthesisType","","","",0,*,"","","","CodeableConcept {[]} {[]}
","The design of the synthesis (combination of studies) that produced this evidence","The design of the synthesis (combination of studies) that produced this evidence. The design is described with any number of synthesis characteristics, such as type of meta-analysis.","","","","","","","","","",,"extensible","Types of combining results from a body of evidence (e.g. summary data meta-analysis).","http://terminology.hl7.org/ValueSet/synthesis-type","",,,,"Evidence.synthesisType",0,*,"","ele-1:All FHIR elements must have a @value or children {hasValue() or (children().count() > id.count())}
"
"Evidence.studyDesign","Evidence.studyDesign","","","",0,*,"","","","CodeableConcept {[]} {[]}
","The design of the study that produced this evidence","The design of the study that produced this evidence. The design is described with any number of study design characteristics.","","","","","","","","","",,"extensible","This is a set of terms for study design characteristics.","http://hl7.org/fhir/ValueSet/study-design|6.0.0-ballot3","",,,,"Evidence.studyDesign",0,*,"","ele-1:All FHIR elements must have a @value or children {hasValue() or (children().count() > id.count())}
"
"Evidence.statistic","Evidence.statistic","","","",0,*,"","","","BackboneElement {[]} {[]}
","Values and parameters for a single statistic","Values and parameters for a single statistic.","","","","","","","","","",,,,,"",,,,"Evidence.statistic",0,*,"","ele-1:All FHIR elements must have a @value or children or both {hasValue() or (children().count() > id.count())}
"
"Evidence.statistic.id","Evidence.statistic.id","","","",0,1,"","","","string {[]} {[]}
","Unique id for inter-element referencing","Unique id for the element within a resource (for internal references). This may be any string value that does not contain spaces.","","","","","","","","","",,,,,"",,,,"Element.id",0,1,"ele-1
","","n/a"
"Evidence.statistic.extension","Evidence.statistic.extension","","extensions
user content","",0,*,"","","","Extension {[]} {[]}
","Additional content defined by implementations","May be used to represent additional information that is not part of the basic definition of the element. To make the use of extensions safe and managable, there is a strict set of governance applied to the definition and use of extensions. Though any implementer can define an extension, there is a set of requirements that SHALL be met as part of the definition of the extension.","There can be no stigma associated with the use of extensions by any application, project, or standard - regardless of the institution or jurisdiction that uses or defines the extensions.  The use of extensions is what allows the FHIR specification to retain a core level of simplicity for everyone.","","","","","","","","",,,,,"",,,,"Element.extension",0,*,"","ele-1:All FHIR elements must have a @value or children {hasValue() or (children().count() > id.count())}
","n/a"
"Evidence.statistic.modifierExtension","Evidence.statistic.modifierExtension","","extensions
user contentmodifiers","",0,*,"","Y","Y","Extension {[]} {[]}
","Extensions that cannot be ignored even if unrecognized","May be used to represent additional information that is not part of the basic definition of the element and that modifies the understanding of the element in which it is contained and/or the understanding of the containing element's descendants. Usually modifier elements provide negation or qualification. To make the use of extensions safe and managable, there is a strict set of governance applied to the definition and use of extensions. Though any implementer can define an extension, there is a set of requirements that SHALL be met as part of the definition of the extension. Applications processing a resource are required to check for modifier extensions.

Modifier extensions SHALL NOT change the meaning of any elements on Resource or DomainResource (including cannot change the meaning of modifierExtension itself).","There can be no stigma associated with the use of extensions by any application, project, or standard - regardless of the institution or jurisdiction that uses or defines the extensions.  The use of extensions is what allows the FHIR specification to retain a core level of simplicity for everyone.","Modifier extensions allow for extensions that *cannot* be safely ignored to be clearly distinguished from the vast majority of extensions which can be safely ignored.  This promotes interoperability by eliminating the need for implementers to prohibit the presence of extensions. For further information, see the [definition of modifier extensions](http://build.fhir.org/extensibility.html#modifierExtension).","","","","","","","",,,,,"",,,,"BackboneElement.modifierExtension",0,*,"","ele-1:All FHIR elements must have a @value or children {hasValue() or (children().count() > id.count())}
","N/A"
"Evidence.statistic.description","Evidence.statistic.description","","","",0,1,"","","","markdown {[]} {[]}
","A natural language summary of the statistic","A natural language summary of the statistic.","","","","","","","","","",,,,,"",,,,"Evidence.statistic.description",0,1,"","ele-1:All FHIR elements must have a @value or children {hasValue() or (children().count() > id.count())}
"
"Evidence.statistic.note","Evidence.statistic.note","","","",0,*,"","","","Annotation {[]} {[]}
","Footnotes and/or explanatory notes","Footnotes and/or explanatory notes.","","","","","","","","","",,,,,"",,,,"Evidence.statistic.note",0,*,"","ele-1:All FHIR elements must have a @value or children {hasValue() or (children().count() > id.count())}
"
"Evidence.statistic.statisticType","Evidence.statistic.statisticType","","","",0,1,"","","Y","CodeableConcept {[]} {[]}
","Type of statistic, e.g., relative risk","Type of statistic, e.g., relative risk. The statistic type is a classification that formally defines the relationship between the variables (noted in Evidence.variableDefinition) and the value specification (noted in Evidence.statistic.quantity).","","","","","","","","","",,"extensible","","http://hl7.org/fhir/ValueSet/statistic-type|6.0.0-ballot3","",,,,"Evidence.statistic.statisticType",0,1,"","ele-1:All FHIR elements must have a @value or children {hasValue() or (children().count() > id.count())}
"
"Evidence.statistic.category","Evidence.statistic.category","","","",0,1,"","","","CodeableConcept {[]} {[]}
","Associated category for categorical variable","When the measured variable (outcome) is handled categorically, the category element is used to define which category the statistic is reporting.","Simple strings can be used for descriptive purposes. Exact matching to EvidenceVariable.category.name for the Evidence.variableDefinition[variableRole=outcome].observed=Reference(EvidenceVariable) could facilitate validation within datasets.","","","","","","","","",,,,,"",,,,"Evidence.statistic.category",0,1,"","ele-1:All FHIR elements must have a @value or children {hasValue() or (children().count() > id.count())}
"
"Evidence.statistic.quantity","Evidence.statistic.quantity","","","",0,1,"","","Y","Quantity {[]} {[]}
","Statistic value","Statistic value.","","","","","","","","","",,,,,"",,,,"Evidence.statistic.quantity",0,1,"","ele-1:All FHIR elements must have a @value or children {hasValue() or (children().count() > id.count())}
"
"Evidence.statistic.numberOfEvents","Evidence.statistic.numberOfEvents","","","",0,1,"","","","unsignedInt {[]} {[]}
","The number of events associated with the statistic","The number of events associated with the statistic, where the unit of analysis is different from numberAffected, sampleSize.knownDataCount and sampleSize.numberOfParticipants.","When the number of events is the statistic, use Evidence.statistic.quantity and set Evidence.statistic.type.coding.code=C25463 and Evidence.statistic.type.coding.display=Count. When the statistic is an Event Rate (where individual participants may have 2 or more events), use Evidence.statistic.numberOfEvents to record the total number of events rather than the number of participants with events.","","","","","","","","",,,,,"",,,,"Evidence.statistic.numberOfEvents",0,1,"","ele-1:All FHIR elements must have a @value or children {hasValue() or (children().count() > id.count())}
"
"Evidence.statistic.numberAffected","Evidence.statistic.numberAffected","","","",0,1,"","","","unsignedInt {[]} {[]}
","The number of participants affected","The number of participants affected where the unit of analysis is the same as sampleSize.knownDataCount and sampleSize.numberOfParticipants.","When the number affected is the statistic, use Evidence.statistic.quantity and set Evidence.statistic.type.coding.code=C25463 and Evidence.statistic.type.coding.display=Count. When the statistic is a Proportion, use Evidence.statistic.numberAffected and enter an integer as the value. When the statistic is an Event Rate (where individual participants may have 2 or more events), use Evidence.statistic.numberAffected to record the number of participants with events rather than the total number of events.","","","","","","","","",,,,,"",,,,"Evidence.statistic.numberAffected",0,1,"","ele-1:All FHIR elements must have a @value or children {hasValue() or (children().count() > id.count())}
"
"Evidence.statistic.sampleSize","Evidence.statistic.sampleSize","","","",0,1,"","","","BackboneElement {[]} {[]}
","Count of participants in the study sample","Count of participants in the study sample.","","","","","","","","","",,,,,"",,,,"Evidence.statistic.sampleSize",0,1,"","ele-1:All FHIR elements must have a @value or children or both {hasValue() or (children().count() > id.count())}
"
"Evidence.statistic.sampleSize.id","Evidence.statistic.sampleSize.id","","","",0,1,"","","","string {[]} {[]}
","Unique id for inter-element referencing","Unique id for the element within a resource (for internal references). This may be any string value that does not contain spaces.","","","","","","","","","",,,,,"",,,,"Element.id",0,1,"ele-1
","","n/a"
"Evidence.statistic.sampleSize.extension","Evidence.statistic.sampleSize.extension","","extensions
user content","",0,*,"","","","Extension {[]} {[]}
","Additional content defined by implementations","May be used to represent additional information that is not part of the basic definition of the element. To make the use of extensions safe and managable, there is a strict set of governance applied to the definition and use of extensions. Though any implementer can define an extension, there is a set of requirements that SHALL be met as part of the definition of the extension.","There can be no stigma associated with the use of extensions by any application, project, or standard - regardless of the institution or jurisdiction that uses or defines the extensions.  The use of extensions is what allows the FHIR specification to retain a core level of simplicity for everyone.","","","","","","","","",,,,,"",,,,"Element.extension",0,*,"","ele-1:All FHIR elements must have a @value or children {hasValue() or (children().count() > id.count())}
","n/a"
"Evidence.statistic.sampleSize.modifierExtension","Evidence.statistic.sampleSize.modifierExtension","","extensions
user contentmodifiers","",0,*,"","Y","Y","Extension {[]} {[]}
","Extensions that cannot be ignored even if unrecognized","May be used to represent additional information that is not part of the basic definition of the element and that modifies the understanding of the element in which it is contained and/or the understanding of the containing element's descendants. Usually modifier elements provide negation or qualification. To make the use of extensions safe and managable, there is a strict set of governance applied to the definition and use of extensions. Though any implementer can define an extension, there is a set of requirements that SHALL be met as part of the definition of the extension. Applications processing a resource are required to check for modifier extensions.

Modifier extensions SHALL NOT change the meaning of any elements on Resource or DomainResource (including cannot change the meaning of modifierExtension itself).","There can be no stigma associated with the use of extensions by any application, project, or standard - regardless of the institution or jurisdiction that uses or defines the extensions.  The use of extensions is what allows the FHIR specification to retain a core level of simplicity for everyone.","Modifier extensions allow for extensions that *cannot* be safely ignored to be clearly distinguished from the vast majority of extensions which can be safely ignored.  This promotes interoperability by eliminating the need for implementers to prohibit the presence of extensions. For further information, see the [definition of modifier extensions](http://build.fhir.org/extensibility.html#modifierExtension).","","","","","","","",,,,,"",,,,"BackboneElement.modifierExtension",0,*,"","ele-1:All FHIR elements must have a @value or children {hasValue() or (children().count() > id.count())}
","N/A"
"Evidence.statistic.sampleSize.description","Evidence.statistic.sampleSize.description","","","",0,1,"","","","markdown {[]} {[]}
","Textual description of sample size for statistic","Human-readable summary of study sample size. A human-readable string to clarify or explain concepts about the sample size.","","","","","","","","","",,,,,"",,,,"Evidence.statistic.sampleSize.description",0,1,"","ele-1:All FHIR elements must have a @value or children {hasValue() or (children().count() > id.count())}
"
"Evidence.statistic.sampleSize.note","Evidence.statistic.sampleSize.note","","","",0,*,"","","","Annotation {[]} {[]}
","Footnote or explanatory note about the sample size","Footnote or explanatory note about the sample size.","","","","","","","","","",,,,,"",,,,"Evidence.statistic.sampleSize.note",0,*,"","ele-1:All FHIR elements must have a @value or children {hasValue() or (children().count() > id.count())}
"
"Evidence.statistic.sampleSize.numberOfStudies","Evidence.statistic.sampleSize.numberOfStudies","","","",0,1,"","","","unsignedInt {[]} {[]}
","Number of contributing studies","Count of studies or samples combined to become the total sample for the statistic.","","","","","","","","","",,,,,"",,,,"Evidence.statistic.sampleSize.numberOfStudies",0,1,"","ele-1:All FHIR elements must have a @value or children {hasValue() or (children().count() > id.count())}
"
"Evidence.statistic.sampleSize.numberOfParticipants","Evidence.statistic.sampleSize.numberOfParticipants","","","",0,1,"","","","unsignedInt {[]} {[]}
","Total number of participants","Count of members in the total sample for the statistic.","","","","","","","","","",,,,,"",,,,"Evidence.statistic.sampleSize.numberOfParticipants",0,1,"","ele-1:All FHIR elements must have a @value or children {hasValue() or (children().count() > id.count())}
"
"Evidence.statistic.sampleSize.knownDataCount","Evidence.statistic.sampleSize.knownDataCount","","","",0,1,"","","","unsignedInt {[]} {[]}
","Number of participants with known results for measured variables","Number of participants with known results for measured variables.","","","","","","","","","",,,,,"",,,,"Evidence.statistic.sampleSize.knownDataCount",0,1,"","ele-1:All FHIR elements must have a @value or children {hasValue() or (children().count() > id.count())}
"
"Evidence.statistic.attributeEstimate","Evidence.statistic.attributeEstimate","","","",0,*,"","","","BackboneElement {[]} {[]}
","An attribute of the Statistic","A statistical attribute of the statistic such as a measure of heterogeneity.","","","","","","","","","",,,,,"",,,,"Evidence.statistic.attributeEstimate",0,*,"","ele-1:All FHIR elements must have a @value or children or both {hasValue() or (children().count() > id.count())}
"
"Evidence.statistic.attributeEstimate.id","Evidence.statistic.attributeEstimate.id","","","",0,1,"","","","string {[]} {[]}
","Unique id for inter-element referencing","Unique id for the element within a resource (for internal references). This may be any string value that does not contain spaces.","","","","","","","","","",,,,,"",,,,"Element.id",0,1,"ele-1
","","n/a"
"Evidence.statistic.attributeEstimate.extension","Evidence.statistic.attributeEstimate.extension","","extensions
user content","",0,*,"","","","Extension {[]} {[]}
","Additional content defined by implementations","May be used to represent additional information that is not part of the basic definition of the element. To make the use of extensions safe and managable, there is a strict set of governance applied to the definition and use of extensions. Though any implementer can define an extension, there is a set of requirements that SHALL be met as part of the definition of the extension.","There can be no stigma associated with the use of extensions by any application, project, or standard - regardless of the institution or jurisdiction that uses or defines the extensions.  The use of extensions is what allows the FHIR specification to retain a core level of simplicity for everyone.","","","","","","","","",,,,,"",,,,"Element.extension",0,*,"","ele-1:All FHIR elements must have a @value or children {hasValue() or (children().count() > id.count())}
","n/a"
"Evidence.statistic.attributeEstimate.modifierExtension","Evidence.statistic.attributeEstimate.modifierExtension","","extensions
user contentmodifiers","",0,*,"","Y","Y","Extension {[]} {[]}
","Extensions that cannot be ignored even if unrecognized","May be used to represent additional information that is not part of the basic definition of the element and that modifies the understanding of the element in which it is contained and/or the understanding of the containing element's descendants. Usually modifier elements provide negation or qualification. To make the use of extensions safe and managable, there is a strict set of governance applied to the definition and use of extensions. Though any implementer can define an extension, there is a set of requirements that SHALL be met as part of the definition of the extension. Applications processing a resource are required to check for modifier extensions.

Modifier extensions SHALL NOT change the meaning of any elements on Resource or DomainResource (including cannot change the meaning of modifierExtension itself).","There can be no stigma associated with the use of extensions by any application, project, or standard - regardless of the institution or jurisdiction that uses or defines the extensions.  The use of extensions is what allows the FHIR specification to retain a core level of simplicity for everyone.","Modifier extensions allow for extensions that *cannot* be safely ignored to be clearly distinguished from the vast majority of extensions which can be safely ignored.  This promotes interoperability by eliminating the need for implementers to prohibit the presence of extensions. For further information, see the [definition of modifier extensions](http://build.fhir.org/extensibility.html#modifierExtension).","","","","","","","",,,,,"",,,,"BackboneElement.modifierExtension",0,*,"","ele-1:All FHIR elements must have a @value or children {hasValue() or (children().count() > id.count())}
","N/A"
"Evidence.statistic.attributeEstimate.description","Evidence.statistic.attributeEstimate.description","","","",0,1,"","","","markdown {[]} {[]}
","Textual description of the attribute estimate","Human-readable summary of the estimate.","","","","","","","","","",,,,,"",,,,"Evidence.statistic.attributeEstimate.description",0,1,"","ele-1:All FHIR elements must have a @value or children {hasValue() or (children().count() > id.count())}
"
"Evidence.statistic.attributeEstimate.note","Evidence.statistic.attributeEstimate.note","","","",0,*,"","","","Annotation {[]} {[]}
","Footnote or explanatory note about the estimate","Footnote or explanatory note about the estimate.","","","","","","","","","",,,,,"",,,,"Evidence.statistic.attributeEstimate.note",0,*,"","ele-1:All FHIR elements must have a @value or children {hasValue() or (children().count() > id.count())}
"
"Evidence.statistic.attributeEstimate.type","Evidence.statistic.attributeEstimate.type","","","",0,1,"","","","CodeableConcept {[]} {[]}
","The type of attribute estimate, e.g., confidence interval or p value","The type of attribute estimate, e.g., confidence interval or p value.","","","","","","","","","",,"extensible","","http://hl7.org/fhir/ValueSet/attribute-estimate-type|6.0.0-ballot3","",,,,"Evidence.statistic.attributeEstimate.type",0,1,"","ele-1:All FHIR elements must have a @value or children {hasValue() or (children().count() > id.count())}
"
"Evidence.statistic.attributeEstimate.quantity","Evidence.statistic.attributeEstimate.quantity","","","",0,1,"","","","Quantity {[]} {[]}
","The singular quantity of the attribute estimate, for attribute estimates represented as single values, which may include a unit of measure","The singular quantity of the attribute estimate, for attribute estimates represented as single values, which may include a unit of measure.","Often the p value","","","","","","","","",,,,,"",,,,"Evidence.statistic.attributeEstimate.quantity",0,1,"","ele-1:All FHIR elements must have a @value or children {hasValue() or (children().count() > id.count())}
"
"Evidence.statistic.attributeEstimate.level","Evidence.statistic.attributeEstimate.level","","","",0,1,"","","","decimal {[]} {[]}
","Level of confidence interval, e.g., 0.95 for 95% confidence interval","Use 0.95 for a 95% confidence interval.","","","","","","","","","",,,,,"",,,,"Evidence.statistic.attributeEstimate.level",0,1,"","ele-1:All FHIR elements must have a @value or children {hasValue() or (children().count() > id.count())}
"
"Evidence.statistic.attributeEstimate.range","Evidence.statistic.attributeEstimate.range","","","",0,1,"","","","Range {[]} {[]}
","Lower and upper bound values of the attribute estimate","Lower and upper bound values of the attribute estimate.","","","","","","","","","",,,,,"",,,,"Evidence.statistic.attributeEstimate.range",0,1,"","ele-1:All FHIR elements must have a @value or children {hasValue() or (children().count() > id.count())}
"
"Evidence.statistic.attributeEstimate.attributeEstimate","Evidence.statistic.attributeEstimate.attributeEstimate","","","",0,*,"","","","null {[]} {[]}
","A nested attribute estimate; which is the attribute estimate of an attribute estimate","A nested attribute estimate; which is the attribute estimate of an attribute estimate.","A nested attribute estimate; which is the attribute estimate of an attribute estimate","","","","","","","","",,,,,"",,,,"Evidence.statistic.attributeEstimate.attributeEstimate",0,*,"","ele-1:All FHIR elements must have a @value or children {hasValue() or (children().count() > id.count())}
"
"Evidence.statistic.modelCharacteristic","Evidence.statistic.modelCharacteristic","","","",0,*,"","","","BackboneElement {[]} {[]}
","An aspect of the statistical model","A component of the method to generate the statistic.","","","","","","","","","",,,,,"",,,,"Evidence.statistic.modelCharacteristic",0,*,"","ele-1:All FHIR elements must have a @value or children or both {hasValue() or (children().count() > id.count())}
"
"Evidence.statistic.modelCharacteristic.id","Evidence.statistic.modelCharacteristic.id","","","",0,1,"","","","string {[]} {[]}
","Unique id for inter-element referencing","Unique id for the element within a resource (for internal references). This may be any string value that does not contain spaces.","","","","","","","","","",,,,,"",,,,"Element.id",0,1,"ele-1
","","n/a"
"Evidence.statistic.modelCharacteristic.extension","Evidence.statistic.modelCharacteristic.extension","","extensions
user content","",0,*,"","","","Extension {[]} {[]}
","Additional content defined by implementations","May be used to represent additional information that is not part of the basic definition of the element. To make the use of extensions safe and managable, there is a strict set of governance applied to the definition and use of extensions. Though any implementer can define an extension, there is a set of requirements that SHALL be met as part of the definition of the extension.","There can be no stigma associated with the use of extensions by any application, project, or standard - regardless of the institution or jurisdiction that uses or defines the extensions.  The use of extensions is what allows the FHIR specification to retain a core level of simplicity for everyone.","","","","","","","","",,,,,"",,,,"Element.extension",0,*,"","ele-1:All FHIR elements must have a @value or children {hasValue() or (children().count() > id.count())}
","n/a"
"Evidence.statistic.modelCharacteristic.modifierExtension","Evidence.statistic.modelCharacteristic.modifierExtension","","extensions
user contentmodifiers","",0,*,"","Y","Y","Extension {[]} {[]}
","Extensions that cannot be ignored even if unrecognized","May be used to represent additional information that is not part of the basic definition of the element and that modifies the understanding of the element in which it is contained and/or the understanding of the containing element's descendants. Usually modifier elements provide negation or qualification. To make the use of extensions safe and managable, there is a strict set of governance applied to the definition and use of extensions. Though any implementer can define an extension, there is a set of requirements that SHALL be met as part of the definition of the extension. Applications processing a resource are required to check for modifier extensions.

Modifier extensions SHALL NOT change the meaning of any elements on Resource or DomainResource (including cannot change the meaning of modifierExtension itself).","There can be no stigma associated with the use of extensions by any application, project, or standard - regardless of the institution or jurisdiction that uses or defines the extensions.  The use of extensions is what allows the FHIR specification to retain a core level of simplicity for everyone.","Modifier extensions allow for extensions that *cannot* be safely ignored to be clearly distinguished from the vast majority of extensions which can be safely ignored.  This promotes interoperability by eliminating the need for implementers to prohibit the presence of extensions. For further information, see the [definition of modifier extensions](http://build.fhir.org/extensibility.html#modifierExtension).","","","","","","","",,,,,"",,,,"BackboneElement.modifierExtension",0,*,"","ele-1:All FHIR elements must have a @value or children {hasValue() or (children().count() > id.count())}
","N/A"
"Evidence.statistic.modelCharacteristic.code","Evidence.statistic.modelCharacteristic.code","","","",1,1,"","","","CodeableConcept {[]} {[]}
","Model specification","Description of a component of the method to generate the statistic.","","","","","","","","","",,"extensible","","http://hl7.org/fhir/ValueSet/statistic-model-code|6.0.0-ballot3","",,,,"Evidence.statistic.modelCharacteristic.code",1,1,"","ele-1:All FHIR elements must have a @value or children {hasValue() or (children().count() > id.count())}
"
"Evidence.statistic.modelCharacteristic.value[x]","Evidence.statistic.modelCharacteristic.value[x]","","","",0,1,"","","","Quantity {[CanonicalType[http://hl7.org/fhir/StructureDefinition/SimpleQuantity|6.0.0-ballot3]]} {[]}
Range {[]} {[]}CodeableConcept {[]} {[]}","The specific value (when paired with code)","Further specification of the value of the component of the method to generate the statistic.","","","","","","","","","",,,,,"",,,,"Evidence.statistic.modelCharacteristic.value[x]",0,1,"","ele-1:All FHIR elements must have a @value or children {hasValue() or (children().count() > id.count())}
"
"Evidence.statistic.modelCharacteristic.intended","Evidence.statistic.modelCharacteristic.intended","","","",0,1,"","","","boolean {[]} {[]}
","The plan for analysis","The plan for analysis.","","","","","","","","","",,,,,"",,,,"Evidence.statistic.modelCharacteristic.intended",0,1,"","ele-1:All FHIR elements must have a @value or children {hasValue() or (children().count() > id.count())}
"
"Evidence.statistic.modelCharacteristic.applied","Evidence.statistic.modelCharacteristic.applied","","","",0,1,"","","","boolean {[]} {[]}
","This model characteristic is part of the analysis that was applied, whether or not the analysis followed the plan","This model characteristic is part of the analysis that was applied, whether or not the analysis followed the plan.","","","","True, unless modelCharacteristic.intended = true; if modelCharacteristic.intended = true and .applied is missing, then meaning Unknown.","","","","","",,,,,"",,,,"Evidence.statistic.modelCharacteristic.applied",0,1,"","ele-1:All FHIR elements must have a @value or children {hasValue() or (children().count() > id.count())}
"
"Evidence.statistic.modelCharacteristic.variable","Evidence.statistic.modelCharacteristic.variable","","","",0,*,"","","","BackboneElement {[]} {[]}
","A variable adjusted for in the adjusted analysis","A variable adjusted for in the adjusted analysis.","","","","","","","","","",,,,,"",,,,"Evidence.statistic.modelCharacteristic.variable",0,*,"","ele-1:All FHIR elements must have a @value or children or both {hasValue() or (children().count() > id.count())}
"
"Evidence.statistic.modelCharacteristic.variable.id","Evidence.statistic.modelCharacteristic.variable.id","","","",0,1,"","","","string {[]} {[]}
","Unique id for inter-element referencing","Unique id for the element within a resource (for internal references). This may be any string value that does not contain spaces.","","","","","","","","","",,,,,"",,,,"Element.id",0,1,"ele-1
","","n/a"
"Evidence.statistic.modelCharacteristic.variable.extension","Evidence.statistic.modelCharacteristic.variable.extension","","extensions
user content","",0,*,"","","","Extension {[]} {[]}
","Additional content defined by implementations","May be used to represent additional information that is not part of the basic definition of the element. To make the use of extensions safe and managable, there is a strict set of governance applied to the definition and use of extensions. Though any implementer can define an extension, there is a set of requirements that SHALL be met as part of the definition of the extension.","There can be no stigma associated with the use of extensions by any application, project, or standard - regardless of the institution or jurisdiction that uses or defines the extensions.  The use of extensions is what allows the FHIR specification to retain a core level of simplicity for everyone.","","","","","","","","",,,,,"",,,,"Element.extension",0,*,"","ele-1:All FHIR elements must have a @value or children {hasValue() or (children().count() > id.count())}
","n/a"
"Evidence.statistic.modelCharacteristic.variable.modifierExtension","Evidence.statistic.modelCharacteristic.variable.modifierExtension","","extensions
user contentmodifiers","",0,*,"","Y","Y","Extension {[]} {[]}
","Extensions that cannot be ignored even if unrecognized","May be used to represent additional information that is not part of the basic definition of the element and that modifies the understanding of the element in which it is contained and/or the understanding of the containing element's descendants. Usually modifier elements provide negation or qualification. To make the use of extensions safe and managable, there is a strict set of governance applied to the definition and use of extensions. Though any implementer can define an extension, there is a set of requirements that SHALL be met as part of the definition of the extension. Applications processing a resource are required to check for modifier extensions.

Modifier extensions SHALL NOT change the meaning of any elements on Resource or DomainResource (including cannot change the meaning of modifierExtension itself).","There can be no stigma associated with the use of extensions by any application, project, or standard - regardless of the institution or jurisdiction that uses or defines the extensions.  The use of extensions is what allows the FHIR specification to retain a core level of simplicity for everyone.","Modifier extensions allow for extensions that *cannot* be safely ignored to be clearly distinguished from the vast majority of extensions which can be safely ignored.  This promotes interoperability by eliminating the need for implementers to prohibit the presence of extensions. For further information, see the [definition of modifier extensions](http://build.fhir.org/extensibility.html#modifierExtension).","","","","","","","",,,,,"",,,,"BackboneElement.modifierExtension",0,*,"","ele-1:All FHIR elements must have a @value or children {hasValue() or (children().count() > id.count())}
","N/A"
"Evidence.statistic.modelCharacteristic.variable.variableDefinition","Evidence.statistic.modelCharacteristic.variable.variableDefinition","","","",1,1,"","","","Reference {[]} {[CanonicalType[http://hl7.org/fhir/StructureDefinition/Group|6.0.0-ballot3], CanonicalType[http://hl7.org/fhir/StructureDefinition/EvidenceVariable|6.0.0-ballot3]]}
","Description and definition of the variable","Description and definition of the variable.","","","","","","","","","",,,,,"",,,,"Evidence.statistic.modelCharacteristic.variable.variableDefinition",1,1,"","ele-1:All FHIR elements must have a @value or children {hasValue() or (children().count() > id.count())}
"
"Evidence.statistic.modelCharacteristic.variable.handling","Evidence.statistic.modelCharacteristic.variable.handling","","","",0,1,"","","","code {[]} {[]}
","boolean | continuous | dichotomous | ordinal | polychotomous | extension","How the variable is classified for use in adjusted analysis.","","","","","","","","","",,"required","","http://hl7.org/fhir/ValueSet/variable-handling|6.0.0-ballot3","",,,,"Evidence.statistic.modelCharacteristic.variable.handling",0,1,"","ele-1:All FHIR elements must have a @value or children {hasValue() or (children().count() > id.count())}
"
"Evidence.statistic.modelCharacteristic.variable.valueCategory","Evidence.statistic.modelCharacteristic.variable.valueCategory","","","",0,*,"","","","CodeableConcept {[]} {[]}
","Qualitative label used for grouping values of a dichotomous, ordinal, or polychotomous variable","Qualitative label used for grouping values of a dichotomous, ordinal, or polychotomous variable.","","","","","","","","","",,,,,"",,,,"Evidence.statistic.modelCharacteristic.variable.valueCategory",0,*,"","ele-1:All FHIR elements must have a @value or children {hasValue() or (children().count() > id.count())}
"
"Evidence.statistic.modelCharacteristic.variable.valueQuantity","Evidence.statistic.modelCharacteristic.variable.valueQuantity","","","",0,*,"","","","Quantity {[]} {[]}
","Quantitative label used for grouping values of a dichotomous, ordinal, or polychotomous variable","Quantitative label used for grouping values of a dichotomous, ordinal, or polychotomous variable.","","","","","","","","","",,,,,"",,,,"Evidence.statistic.modelCharacteristic.variable.valueQuantity",0,*,"","ele-1:All FHIR elements must have a @value or children {hasValue() or (children().count() > id.count())}
"
"Evidence.statistic.modelCharacteristic.variable.valueRange","Evidence.statistic.modelCharacteristic.variable.valueRange","","","",0,*,"","","","Range {[]} {[]}
","Range of quantitative labels used for grouping values of a dichotomous, ordinal, or polychotomous variable","Range of quantitative labels used for grouping values of a dichotomous, ordinal, or polychotomous variable.","","","","","","","","","",,,,,"",,,,"Evidence.statistic.modelCharacteristic.variable.valueRange",0,*,"","ele-1:All FHIR elements must have a @value or children {hasValue() or (children().count() > id.count())}
"
"Evidence.statistic.modelCharacteristic.attribute","Evidence.statistic.modelCharacteristic.attribute","","","",0,*,"","","","null {[]} {[]}
","An attribute of the model characteristic","An attribute of the model characteristic.","","","","","","","","","",,,,,"",,,,"Evidence.statistic.modelCharacteristic.attribute",0,*,"","ele-1:All FHIR elements must have a @value or children {hasValue() or (children().count() > id.count())}
"
"Evidence.certainty","Evidence.certainty","","","",0,*,"","","","BackboneElement {[]} {[]}
","Certainty or quality of the evidence","Assessment of certainty, confidence in the estimates, or quality of the evidence.","","","","","","","","","",,,,,"",,,,"Evidence.certainty",0,*,"","ele-1:All FHIR elements must have a @value or children or both {hasValue() or (children().count() > id.count())}
"
"Evidence.certainty.id","Evidence.certainty.id","","","",0,1,"","","","string {[]} {[]}
","Unique id for inter-element referencing","Unique id for the element within a resource (for internal references). This may be any string value that does not contain spaces.","","","","","","","","","",,,,,"",,,,"Element.id",0,1,"ele-1
","","n/a"
"Evidence.certainty.extension","Evidence.certainty.extension","","extensions
user content","",0,*,"","","","Extension {[]} {[]}
","Additional content defined by implementations","May be used to represent additional information that is not part of the basic definition of the element. To make the use of extensions safe and managable, there is a strict set of governance applied to the definition and use of extensions. Though any implementer can define an extension, there is a set of requirements that SHALL be met as part of the definition of the extension.","There can be no stigma associated with the use of extensions by any application, project, or standard - regardless of the institution or jurisdiction that uses or defines the extensions.  The use of extensions is what allows the FHIR specification to retain a core level of simplicity for everyone.","","","","","","","","",,,,,"",,,,"Element.extension",0,*,"","ele-1:All FHIR elements must have a @value or children {hasValue() or (children().count() > id.count())}
","n/a"
"Evidence.certainty.modifierExtension","Evidence.certainty.modifierExtension","","extensions
user contentmodifiers","",0,*,"","Y","Y","Extension {[]} {[]}
","Extensions that cannot be ignored even if unrecognized","May be used to represent additional information that is not part of the basic definition of the element and that modifies the understanding of the element in which it is contained and/or the understanding of the containing element's descendants. Usually modifier elements provide negation or qualification. To make the use of extensions safe and managable, there is a strict set of governance applied to the definition and use of extensions. Though any implementer can define an extension, there is a set of requirements that SHALL be met as part of the definition of the extension. Applications processing a resource are required to check for modifier extensions.

Modifier extensions SHALL NOT change the meaning of any elements on Resource or DomainResource (including cannot change the meaning of modifierExtension itself).","There can be no stigma associated with the use of extensions by any application, project, or standard - regardless of the institution or jurisdiction that uses or defines the extensions.  The use of extensions is what allows the FHIR specification to retain a core level of simplicity for everyone.","Modifier extensions allow for extensions that *cannot* be safely ignored to be clearly distinguished from the vast majority of extensions which can be safely ignored.  This promotes interoperability by eliminating the need for implementers to prohibit the presence of extensions. For further information, see the [definition of modifier extensions](http://build.fhir.org/extensibility.html#modifierExtension).","","","","","","","",,,,,"",,,,"BackboneElement.modifierExtension",0,*,"","ele-1:All FHIR elements must have a @value or children {hasValue() or (children().count() > id.count())}
","N/A"
"Evidence.certainty.description","Evidence.certainty.description","","","",0,1,"","","","markdown {[]} {[]}
","Textual description of certainty","Textual description of certainty.","","","","","","","","","",,,,,"",,,,"Evidence.certainty.description",0,1,"","ele-1:All FHIR elements must have a @value or children {hasValue() or (children().count() > id.count())}
"
"Evidence.certainty.note","Evidence.certainty.note","","","",0,*,"","","","Annotation {[]} {[]}
","Footnotes and/or explanatory notes","Footnotes and/or explanatory notes.","","","","","","","","","",,,,,"",,,,"Evidence.certainty.note",0,*,"","ele-1:All FHIR elements must have a @value or children {hasValue() or (children().count() > id.count())}
"
"Evidence.certainty.type","Evidence.certainty.type","","","",0,1,"","","","CodeableConcept {[]} {[]}
","Aspect of certainty being rated","Aspect of certainty being rated.","","","","","","","","","",,"extensible","The aspect of quality, confidence, or certainty.","http://hl7.org/fhir/ValueSet/certainty-type|6.0.0-ballot3","",,,,"Evidence.certainty.type",0,1,"","ele-1:All FHIR elements must have a @value or children {hasValue() or (children().count() > id.count())}
"
"Evidence.certainty.rating","Evidence.certainty.rating","","","",0,1,"","","","CodeableConcept {[]} {[]}
","Assessment or judgement of the aspect","Assessment or judgement of the aspect.","","","","","","","","","",,"extensible","The assessment of quality, confidence, or certainty.","http://hl7.org/fhir/ValueSet/certainty-rating|6.0.0-ballot3","",,,,"Evidence.certainty.rating",0,1,"","ele-1:All FHIR elements must have a @value or children {hasValue() or (children().count() > id.count())}
"
"Evidence.certainty.rater","Evidence.certainty.rater","","","",0,*,"","","","string {[]} {[]}
","Individual or group who did the rating","Individual or group who did the rating.","","","","","","","","","",,,,,"",,,,"Evidence.certainty.rater",0,*,"","ele-1:All FHIR elements must have a @value or children {hasValue() or (children().count() > id.count())}
"
"Evidence.certainty.subcomponent","Evidence.certainty.subcomponent","","","",0,*,"","","","null {[]} {[]}
","A domain or subdomain of certainty","A domain or subdomain of certainty.","","","","","","","","","",,,,,"",,,,"Evidence.certainty.subcomponent",0,*,"","ele-1:All FHIR elements must have a @value or children {hasValue() or (children().count() > id.count())}
"
