Source File	Size	loadResources	load	generateSnapshots	load-configure	scan	loadDepInfo	loadInfo	checkR4R4B	generateNarratives	validate	loadLists	checkConformanceResources	checkConformanceResources2	checkConformanceResources3	generateLogicalMaps	validateExpressions	scanForUsageStats	checkURLsUnique	processProvenanceDetails	generate1	generate2	generateLogicals	makeDependencies	generateExampleZip	generateValidationPack	scanProfilesForR5	scanExamplesForR5
/fsh-generated/resources/ImplementationGuide-awmf.ig.json	103419	-	0	0	0	0	0	0	27	74	0	0	0	0	0	0	0	2	0	0	388	410	0	0	0	9	0	2
fsh-generated/resources/ArtifactAssessment-EvA-BoneMarrowBiopsy-EFS.json	1544	3	0	0	1	0	0	0	1	0	0	0	0	0	0	0	0	0	0	0	6	8	0	0	0	0	0	0
fsh-generated/resources/ArtifactAssessment-EvA-BoneMarrowBiopsy-NPV.json	1555	1	0	0	0	0	0	0	0	0	0	0	0	0	0	0	0	0	0	0	5	3	0	0	1	0	0	0
fsh-generated/resources/ArtifactAssessment-EvA-BoneMarrowBiopsy-OS.json	1533	1	0	0	1	0	0	0	0	0	0	0	0	0	0	0	0	0	0	0	4	5	0	0	0	0	0	0
fsh-generated/resources/ArtifactAssessment-EvA-BoneMarrowBiopsy-PFS.json	1548	2	0	0	0	0	0	0	0	1	0	0	0	0	0	0	0	0	0	0	6	3	0	0	0	0	0	0
fsh-generated/resources/ArtifactAssessment-EvA-BoneMarrowBiopsy-PPV.json	1553	1	0	0	0	0	0	0	0	0	0	0	0	0	0	0	0	0	0	0	4	3	0	0	0	0	0	0
fsh-generated/resources/ArtifactAssessment-EvA-BoneMarrowBiopsy-Sensitivity.json	1568	1	0	0	0	0	0	0	0	0	0	0	0	0	0	0	0	0	0	0	4	4	0	0	0	0	0	0
fsh-generated/resources/ArtifactAssessment-EvA-BoneMarrowBiopsy-Specificity.json	1566	2	0	0	0	0	0	0	0	0	0	0	0	0	0	0	0	0	0	0	4	5	0	0	0	0	0	0
fsh-generated/resources/ArtifactAssessment-EvA-BoneMarrowBiopsy-Staging.json	1544	1	0	0	0	0	0	0	0	0	0	0	0	0	0	0	0	0	0	0	4	4	0	0	0	0	0	0
fsh-generated/resources/ArtifactAssessment-EvA-MultiplexPCRDiagnostic-AntibioticDays.json	1581	1	0	0	0	0	0	0	1	0	0	0	0	0	0	0	0	0	0	0	4	3	0	0	0	0	0	0
fsh-generated/resources/ArtifactAssessment-EvA-MultiplexPCRDiagnostic-Mortality.json	1565	1	0	0	0	0	0	0	0	0	0	0	0	0	0	0	0	1	0	0	5	3	0	0	0	0	0	0
fsh-generated/resources/ArtifactAssessment-EvA-MultiplexPCRDiagnostic-TimeToDeescalation.json	1594	1	0	0	0	0	0	0	0	0	0	0	0	0	0	0	0	0	0	0	5	2	0	0	0	0	0	0
fsh-generated/resources/ArtifactAssessment-RecommendationAgainstBoneMarrowBiopsy-Justification.json	22734	7	0	0	0	0	0	0	2	0	0	0	0	0	0	0	0	0	0	0	22	29	0	0	0	0	0	0
fsh-generated/resources/ArtifactAssessment-RecommendationCognitiveTestsWhenSuspectingDementia-Justification.json	6161	2	0	0	0	0	0	0	0	0	0	0	0	0	0	0	0	0	0	0	8	8	0	0	0	0	0	0
fsh-generated/resources/ArtifactAssessment-RecommendationHAPDiagnosis-A-Justification.json	2632	1	0	0	0	0	0	0	0	0	0	0	0	0	0	0	0	0	0	0	5	5	0	0	0	0	0	0
fsh-generated/resources/ArtifactAssessment-RecommendationHAPDiagnosis-B-Justification.json	2628	1	0	0	0	0	0	0	0	0	0	0	0	0	0	0	0	0	0	0	5	5	0	0	0	0	0	0
fsh-generated/resources/ArtifactAssessment-RecommendationMultiplexPCRDiagnostic-Justification.json	6940	3	0	0	0	0	0	0	1	0	0	0	0	0	0	0	0	0	0	0	9	9	0	0	0	0	0	0
fsh-generated/resources/ArtifactAssessment-RoB-CognitiveTestsWhenSuspectingDementia-Sensitivity.json	1124	1	0	0	0	0	0	0	0	1	0	0	0	0	0	0	0	0	0	0	3	4	0	0	0	0	0	0
fsh-generated/resources/ArtifactAssessment-RoB-CognitiveTestsWhenSuspectingDementia-Specificity.json	1124	1	0	0	0	0	0	0	0	0	0	0	0	0	0	0	0	0	0	0	4	4	0	0	0	0	0	0
fsh-generated/resources/Citation-CitationSystematicReviewTsoi2015.json	4667	1	0	0	0	0	0	0	0	464	0	0	0	0	0	0	0	0	0	1	14	17	0	0	0	0	0	0
fsh-generated/resources/CodeSystem-cs-agree-ii-domains.json	5893	2	0	0	0	0	1	0	1	8	0	0	0	0	0	0	0	0	0	0	14	67	0	0	0	0	0	0
fsh-generated/resources/CodeSystem-cs-amstar2-confidence-ratings.json	4877	1	0	0	0	0	0	0	0	3	0	0	0	0	0	0	0	0	0	0	13	44	0	0	0	1	0	0
fsh-generated/resources/CodeSystem-cs-awmf-guideline-class.json	4591	1	0	0	0	0	0	0	0	2	0	0	0	0	0	0	0	0	0	0	12	37	0	0	0	0	0	0
fsh-generated/resources/CodeSystem-cs-awmf-guideline-status.json	1833	1	0	0	0	0	0	0	1	2	0	0	0	0	0	0	0	0	0	0	9	38	0	0	0	0	0	0
fsh-generated/resources/CodeSystem-cs-awmf.json	9074	2	0	0	0	0	0	0	0	4	0	0	0	0	0	0	0	0	0	0	18	47	0	0	0	0	0	0
fsh-generated/resources/CodeSystem-cs-body-systems-conditions.json	3177	1	0	0	0	0	0	0	1	2	0	0	0	0	0	0	0	0	0	0	13	38	0	0	0	1	0	0
fsh-generated/resources/CodeSystem-cs-care-setting.json	10159	2	0	0	1	0	0	0	0	4	0	0	0	0	0	0	0	0	0	0	20	39	0	0	0	0	0	0
fsh-generated/resources/CodeSystem-cs-clinical-application-type.json	4229	2	0	0	0	0	0	0	1	1	0	0	0	0	0	0	0	0	0	0	11	29	0	0	0	0	0	1
fsh-generated/resources/CodeSystem-cs-contact-point.json	2540	1	0	0	0	0	0	0	0	2	0	0	0	0	0	0	0	0	0	0	9	26	0	0	0	0	0	0
fsh-generated/resources/CodeSystem-cs-evidence-to-decision-certainty-rating.json	10198	2	0	0	0	0	0	0	1	4	0	0	0	0	0	0	0	0	0	0	21	33	0	0	0	1	0	0
fsh-generated/resources/CodeSystem-cs-evidence-to-decision-certainty-type.json	5199	1	0	0	0	0	0	0	0	2	0	0	0	0	0	0	0	0	0	0	12	28	0	0	0	0	0	0
fsh-generated/resources/CodeSystem-cs-guideline-author-role.json	7193	2	0	0	0	0	0	0	1	4	0	0	0	0	0	0	0	0	0	0	15	30	0	0	0	0	0	0
fsh-generated/resources/CodeSystem-cs-guideline-release-type.json	3854	1	0	0	0	0	0	0	0	2	0	0	0	0	0	0	0	0	0	0	10	24	0	0	0	0	0	0
fsh-generated/resources/CodeSystem-cs-guideline-sections.json	14924	3	0	0	0	0	0	0	2	6	0	0	0	0	0	0	0	0	0	0	27	42	0	0	0	1	0	0
fsh-generated/resources/CodeSystem-cs-intended-audience.json	6142	2	0	0	0	0	0	0	0	2	0	0	0	0	0	0	0	0	0	0	12	30	0	0	0	0	0	0
fsh-generated/resources/CodeSystem-cs-level-of-consensus.json	3279	1	0	0	0	0	0	0	0	2	0	0	0	0	0	0	0	0	0	0	12	24	0	0	0	0	0	0
fsh-generated/resources/CodeSystem-cs-medical-subject-categories.json	2382	1	0	0	0	0	0	0	1	3	0	0	0	0	0	0	0	0	0	0	11	24	0	0	0	0	0	0
fsh-generated/resources/CodeSystem-cs-ocebm-2009-levels-of-evidence.json	7102	2	0	0	0	0	0	0	0	2	0	0	0	0	0	0	0	0	0	0	13	28	0	0	0	1	0	0
fsh-generated/resources/CodeSystem-cs-ocebm-2011-levels-of-evidence.json	4625	2	0	0	0	0	0	0	1	3	0	0	0	0	0	0	0	0	0	0	13	24	0	0	0	0	0	0
fsh-generated/resources/CodeSystem-cs-pico.json	4809	1	0	0	0	0	0	0	0	1	0	0	0	0	0	0	0	0	0	0	11	25	0	0	0	0	0	0
fsh-generated/resources/CodeSystem-cs-recommendation-direction.json	715	1	0	0	0	0	0	0	0	2	0	0	0	0	0	0	0	0	0	0	6	19	0	0	0	0	0	0
fsh-generated/resources/CodeSystem-cs-recommendation-review-status.json	2696	1	0	0	0	0	0	0	0	1	0	0	0	0	0	0	0	0	0	0	8	21	0	0	0	0	0	0
fsh-generated/resources/CodeSystem-cs-recommendation-strength-awmf.json	2827	2	0	0	0	0	0	0	1	1	0	0	0	0	0	0	0	0	0	0	9	21	0	0	0	0	0	0
fsh-generated/resources/CodeSystem-cs-recommendation-synthesis-type.json	2459	1	0	0	0	0	0	0	0	2	0	0	0	0	0	0	0	0	0	0	8	20	0	0	0	1	0	0
fsh-generated/resources/CodeSystem-cs-recommendation-tags.json	4593	1	0	0	1	0	0	0	0	2	0	0	0	0	0	0	0	0	0	0	11	24	0	0	0	0	0	1
fsh-generated/resources/CodeSystem-cs-related-artifact-types.json	4953	2	0	0	0	0	0	0	1	4	0	0	0	0	0	0	0	0	0	0	13	28	0	0	0	0	0	0
fsh-generated/resources/CodeSystem-cs-remark-type.json	3536	1	0	0	0	0	0	0	0	2	0	0	0	0	0	0	0	0	0	0	9	23	0	0	0	0	0	0
fsh-generated/resources/CodeSystem-cs-rob-2-overall-judgment.json	3694	1	0	0	0	0	0	0	0	3	0	0	0	0	0	0	0	0	0	0	10	22	0	0	0	0	0	0
fsh-generated/resources/CodeSystem-cs-robis-judgment-of-risk-of-bias.json	3932	1	0	0	0	0	0	0	1	2	0	0	0	0	0	0	0	0	0	0	10	22	0	0	0	1	0	0
fsh-generated/resources/CodeSystem-cs-robis-risk-of-bias-domains.json	3685	2	0	0	0	0	0	0	0	1	0	0	0	0	0	0	0	1	0	0	10	21	0	0	0	0	0	0
fsh-generated/resources/CodeSystem-cs-sign-grade-of-recommendation.json	4446	1	0	0	0	0	0	0	0	2	0	0	0	0	0	0	0	0	0	0	15	24	0	0	0	0	0	0
fsh-generated/resources/CodeSystem-cs-sign-level-of-evidence.json	6698	2	0	0	0	0	0	0	1	2	0	0	0	0	0	0	0	0	0	0	18	25	0	0	0	0	0	0
fsh-generated/resources/CodeSystem-cs-target-patient-group.json	1892	1	0	0	1	0	0	0	0	2	0	0	0	0	0	0	0	0	0	0	10	18	0	0	0	0	0	0
fsh-generated/resources/Composition-AWMFGuidelineRecordS2kExample.json	1294	1	0	0	0	0	0	0	0	0	0	0	0	0	0	0	0	0	0	0	4	8	0	0	0	0	0	0
fsh-generated/resources/Composition-AWMFGuidelineRecordS3Example.json	1290	1	0	0	0	0	0	0	0	0	0	0	0	0	0	0	0	0	0	0	5	5	0	0	0	0	0	0
fsh-generated/resources/Composition-AWMFGuidelineS1Example.json	1284	0	0	0	0	0	0	0	0	0	0	0	0	0	0	0	0	0	0	0	5	3	0	0	0	0	0	0
fsh-generated/resources/Composition-AWMFGuidelineS2eExample.json	1288	1	0	0	0	0	0	0	0	0	0	0	0	0	0	0	0	0	0	0	4	4	0	0	0	0	0	0
fsh-generated/resources/Composition-Demenzen.json	817	1	0	0	0	0	0	0	0	0	0	0	0	0	0	0	0	0	0	0	3	4	0	0	0	0	0	0
fsh-generated/resources/Composition-DemenzenRecord.json	1452	1	0	0	0	0	0	0	0	3	0	0	0	0	0	0	0	0	0	0	5	4	0	0	0	0	0	0
fsh-generated/resources/Composition-DiffuseLargeBCellLymphomaGuideline.json	7085	2	0	0	0	0	0	0	1	0	0	0	0	0	0	0	0	0	0	0	8	8	0	0	0	0	0	0
fsh-generated/resources/Composition-DiffuseLargeBCellLymphomaGuidelineRecord.json	9382	2	0	0	0	0	0	0	1	0	0	0	0	0	0	0	0	0	0	0	11	19	0	0	0	0	0	0
fsh-generated/resources/Composition-G-TestTestInvRequireOfficialIdentifier-NoOfficialId-SHOULD-FAIL.json	890	1	0	0	0	0	0	0	0	0	0	0	0	0	0	0	0	0	0	0	3	4	0	0	0	0	0	0
fsh-generated/resources/Composition-G-TestTestInvRequireOfficialIdentifier-TwoOfficialId-SHOULD-FAIL.json	1022	0	0	0	0	0	0	0	0	0	0	0	0	0	0	0	0	0	0	0	3	4	0	0	0	0	0	0
fsh-generated/resources/Composition-G-TestTestInvVersionMajorMinor-VersionInvalid-SHOULD-FAIL.json	881	1	0	0	0	0	0	0	0	0	0	0	0	0	0	0	0	0	0	0	3	3	0	0	0	0	0	0
fsh-generated/resources/Composition-G-TestTestInvVersionMajorMinor-VersionInvalid2-SHOULD-FAIL.json	887	1	0	0	1	0	0	0	0	0	0	0	0	0	0	0	0	0	0	0	3	4	0	0	0	0	0	0
fsh-generated/resources/Composition-G-TestTestInvVersionMajorMinor-VersionPatch-SHOULD-FAIL.json	886	1	0	0	0	0	0	0	0	0	0	0	0	0	0	0	0	0	0	0	3	4	0	0	0	0	0	0
fsh-generated/resources/Composition-GuidelineExample.json	831	1	0	0	0	0	0	0	0	0	0	0	0	0	0	0	0	0	0	0	3	4	0	0	0	0	0	0
fsh-generated/resources/Composition-GuidelineRegistryRecordExample.json	1836	1	0	0	0	0	0	0	0	0	0	0	0	0	0	0	0	0	0	0	4	5	0	0	0	0	0	0
fsh-generated/resources/Composition-NosokomialePneumonie.json	47957	8	0	0	0	0	0	0	3	0	0	0	0	0	0	0	0	0	0	0	40	35	0	0	0	0	0	0
fsh-generated/resources/Composition-NosokomialePneumonieRecord.json	30960	6	0	0	0	0	0	0	2	1	0	0	0	0	0	0	0	0	0	0	29	35	0	0	0	0	0	1
fsh-generated/resources/Composition-RR-TestInvContribAuthorRefPerson-SHOULD-FAIL.json	1174	1	0	0	0	0	0	0	0	1	0	0	0	0	0	0	0	0	0	0	5	5	0	0	0	0	0	0
fsh-generated/resources/Composition-RR-TestInvLeadingAuthorRefOrganization-SHOULD-PASS.json	1592	1	0	0	0	0	0	0	1	2	0	0	0	0	0	0	0	0	0	0	5	5	0	0	0	0	0	0
fsh-generated/resources/Composition-RR-TestInvLeadingAuthorRefPerson-SHOULD-FAIL.json	1169	1	0	0	0	0	0	0	0	1	0	0	0	0	0	0	0	0	0	0	5	5	0	0	0	0	0	0
fsh-generated/resources/Composition-RR-TestTestInvAuthorLeadVsContrExclusive-Both-SHOULD-FAIL.json	1686	0	0	0	0	0	0	0	0	0	0	0	0	0	0	0	0	0	0	0	3	3	0	0	0	0	0	0
fsh-generated/resources/Composition-RR-TestTestInvAuthorRegistSingleton-NoRegistrant-SHOULD-FAIL.json	1324	1	0	0	0	0	0	0	0	0	0	0	0	0	0	0	0	0	0	0	4	5	0	0	0	0	0	0
fsh-generated/resources/Composition-RR-TestTestInvAuthorRegistSingleton-TwoRegistrants-SHOULD-FAIL.json	1796	1	0	0	1	0	0	0	0	1	0	0	0	0	0	0	0	0	0	0	4	5	0	0	0	0	0	0
fsh-generated/resources/Composition-RR-TestTestInvAuthorRegistrantSingleton-SHOULD-PASS.json	1313	1	0	0	0	0	0	0	0	0	0	0	0	0	0	0	0	0	0	0	3	4	0	0	0	0	0	0
fsh-generated/resources/Composition-RR-TestTestInvPrelimCompNeedsConsultPeriod-NoDate-SHOULD-FAIL.json	1329	1	0	0	0	0	0	0	0	0	0	0	0	0	0	0	0	0	0	0	3	3	0	0	0	0	0	0
fsh-generated/resources/Composition-RR-TestTestInvPreliminaryCompNeedsConsultPeriod-SHOULD-PASS.json	1540	1	0	0	0	0	0	0	0	0	0	0	0	0	0	0	0	0	0	0	4	4	0	0	0	0	0	0
fsh-generated/resources/Composition-RR-TestTestInvRegCompNeedsPlannedComplDate-NoDate-SHOULD-FAIL.json	1519	1	0	0	0	0	0	0	1	0	0	0	0	0	0	0	0	0	0	0	3	4	0	0	0	0	0	0
fsh-generated/resources/Composition-RR-TestTestInvRegCompNeedsPlannedComplDate-SHOULD-PASS.json	1671	1	0	0	0	0	0	0	0	0	0	0	0	0	0	0	0	0	0	0	4	5	0	0	0	0	0	0
fsh-generated/resources/Composition-RR-TestTestInvRequireOfficialId-NoOfficialId-SHOULD-FAIL.json	1319	1	0	0	0	0	0	0	0	0	0	0	0	0	0	0	0	0	0	0	3	3	0	0	0	0	0	0
fsh-generated/resources/Composition-RR-TestTestInvRequireOfficialId-TwoOfficialId-SHOULD-FAIL.json	1449	1	0	0	0	0	0	0	0	0	0	0	0	0	0	0	0	0	0	0	4	4	0	0	0	0	0	0
fsh-generated/resources/Composition-RR-TestTestInvRequireReleaseTypeIfReg-WrongCode-SHOULD-FAIL.json	1665	1	0	0	1	0	0	0	0	0	0	0	0	0	0	0	0	0	0	0	4	4	0	0	0	0	0	0
fsh-generated/resources/Composition-RR-TestTestInvRequireReleaseTypeIfRegistered-NoTag-SHOULD-FAIL.json	1488	1	0	0	0	0	0	0	0	0	0	0	0	0	0	0	0	0	0	0	3	4	0	0	0	0	0	0
fsh-generated/resources/Composition-RR-TestTestInvRequireReleaseTypeIfRegistered-SHOULD-PASS.json	1673	1	0	0	0	0	0	0	0	0	0	0	0	0	0	0	0	0	0	0	4	4	0	0	0	0	0	0
fsh-generated/resources/Composition-RR-TestTestInvVersionMajorMinor-VersionInvalid-SHOULD-FAIL.json	1321	1	0	0	0	0	0	0	1	0	0	0	0	0	0	0	0	0	0	0	3	4	0	0	0	0	0	0
fsh-generated/resources/Composition-RR-TestTestInvVersionMajorMinor-VersionInvalid2-SHOULD-FAIL.json	1490	1	0	0	0	0	0	0	0	0	0	0	0	0	0	0	0	0	0	0	4	4	0	0	0	0	0	0
fsh-generated/resources/Composition-RR-TestTestInvVersionMajorMinor-VersionPatch-SHOULD-FAIL.json	1320	1	0	0	0	0	0	0	0	0	0	0	0	0	0	0	0	0	0	0	3	3	0	0	0	0	0	0
fsh-generated/resources/Composition-RecommendationAgainstBoneMarrowBiopsy.json	3181	1	0	0	0	0	0	0	0	0	0	0	0	0	0	0	0	1	0	0	6	8	0	0	0	0	0	0
fsh-generated/resources/Composition-RecommendationCognitiveTestsWhenSuspectingDementia.json	6819	2	0	0	0	0	0	0	0	0	0	0	0	0	0	0	0	0	0	0	10	8	0	0	0	0	0	0
fsh-generated/resources/Composition-RecommendationExample.json	3663	1	0	0	0	0	0	0	1	0	0	0	0	0	0	0	0	0	0	0	5	5	0	0	0	0	0	0
fsh-generated/resources/Composition-RecommendationHAPDiagnosis-A.json	2626	2	0	0	0	0	0	0	0	0	0	0	0	0	0	0	0	0	0	0	7	5	0	0	0	0	0	0
fsh-generated/resources/Composition-RecommendationHAPDiagnosis-B.json	2570	1	0	0	0	0	0	0	0	1	0	0	0	0	0	0	0	0	0	0	4	5	0	0	0	0	0	0
fsh-generated/resources/Composition-RecommendationHAPDiagnosis.json	4845	1	0	0	0	0	0	0	0	0	0	0	0	0	0	0	0	0	0	0	8	6	0	0	0	0	0	0
fsh-generated/resources/Composition-RecommendationMultiplexPCRDiagnostic.json	6660	2	0	0	1	0	0	0	1	0	0	0	0	0	0	0	0	0	0	0	11	5	0	0	0	0	0	0
fsh-generated/resources/ConceptMap-FHIRStatusToAWMFStatus.json	3066	1	0	0	0	0	0	0	0	3	0	0	0	0	0	0	0	0	0	0	7	19	0	0	0	1	0	0
fsh-generated/resources/DocumentReference-Guideline-020-013-GuidelineReport.json	1056	2	0	0	0	0	0	0	0	0	0	0	0	0	0	0	0	0	0	0	3	6	0	0	0	0	0	0
fsh-generated/resources/DocumentReference-Guideline-020-013-ImplementationGuidance.json	1141	0	0	0	0	0	0	0	0	0	0	0	0	0	0	0	0	0	0	0	3	3	0	0	0	0	0	0
fsh-generated/resources/DocumentReference-Guideline-020-013-LongVersion.json	1075	1	0	0	0	0	0	0	0	0	0	0	0	0	0	0	0	0	0	0	3	2	0	0	0	0	0	0
fsh-generated/resources/DocumentReference-Guideline-020-013-PatientVersion.json	1090	1	0	0	0	0	0	0	0	0	0	0	0	0	0	0	0	0	0	0	3	3	0	0	0	0	0	0
fsh-generated/resources/DocumentReference-Guideline-020-013-ShortVersion.json	1040	1	0	0	0	0	0	0	0	0	0	0	0	0	0	0	0	0	0	0	3	3	0	0	0	0	0	0
fsh-generated/resources/DocumentReference-Guideline-020-013-SlideDeck.json	1061	0	0	0	0	0	0	0	0	0	0	0	0	0	0	0	0	0	0	0	3	4	0	0	0	0	0	0
fsh-generated/resources/DocumentReference-guideline-attachment-example.json	1132	1	0	0	0	0	0	0	0	0	0	0	0	0	0	0	0	0	0	0	2	3	0	0	0	0	0	0
fsh-generated/resources/DocumentReference-guideline-attachment-patient-version-example.json	1086	1	0	0	0	0	0	0	0	0	0	0	0	0	0	0	0	0	0	0	3	3	0	0	0	0	0	0
fsh-generated/resources/Evidence-Evidence-BoneMarrowBiopsy-EFS.json	668	1	0	0	0	0	0	0	1	1	0	0	0	0	0	0	0	0	0	0	4	19	0	0	0	0	0	0
fsh-generated/resources/Evidence-Evidence-BoneMarrowBiopsy-NPV.json	658	0	0	0	0	0	0	0	0	0	0	0	0	0	0	0	0	0	0	0	4	16	0	0	0	0	0	0
fsh-generated/resources/Evidence-Evidence-BoneMarrowBiopsy-OS.json	655	1	0	0	0	0	0	0	0	0	0	0	0	0	0	0	0	0	0	0	3	15	0	0	0	0	0	0
fsh-generated/resources/Evidence-Evidence-BoneMarrowBiopsy-PFS.json	684	1	0	0	0	0	0	0	0	0	0	0	0	0	0	0	0	0	0	0	2	17	0	0	0	0	0	0
fsh-generated/resources/Evidence-Evidence-BoneMarrowBiopsy-PPV.json	658	0	0	0	0	0	0	0	0	0	0	0	0	0	0	0	0	0	0	0	3	16	0	0	0	0	0	0
fsh-generated/resources/Evidence-Evidence-BoneMarrowBiopsy-Sensitivity.json	671	1	0	0	0	0	0	0	0	0	0	0	0	0	0	0	0	0	0	0	2	15	0	0	0	0	0	0
fsh-generated/resources/Evidence-Evidence-BoneMarrowBiopsy-Specificity.json	669	1	0	0	0	0	0	0	0	0	0	0	0	0	0	0	0	0	0	0	3	16	0	0	0	0	0	0
fsh-generated/resources/Evidence-Evidence-BoneMarrowBiopsy-Staging.json	641	0	0	0	0	0	0	0	0	0	0	0	0	0	0	0	0	0	0	0	3	15	0	0	0	0	0	0
fsh-generated/resources/Evidence-Evidence-MultiplexPCRDiagnostic-AntibioticDays.json	469	1	0	0	1	0	0	0	0	0	0	0	0	0	0	0	0	0	0	0	2	13	0	0	0	0	0	0
fsh-generated/resources/Evidence-Evidence-MultiplexPCRDiagnostic-Mortality.json	453	1	0	0	0	0	0	0	0	0	0	0	0	0	0	0	0	0	0	0	2	12	0	0	0	0	0	0
fsh-generated/resources/Evidence-Evidence-MultiplexPCRDiagnostic-TimeToDeescalation.json	482	0	0	0	0	0	0	0	0	0	0	0	0	0	0	0	0	0	0	0	2	14	0	0	0	0	0	0
fsh-generated/resources/EvidenceVariable-OutcomeAntibioticDays.json	317	1	0	0	0	0	0	0	0	0	0	0	0	0	0	0	0	0	0	0	3	5	0	0	0	0	0	0
fsh-generated/resources/EvidenceVariable-OutcomeMortality.json	300	1	0	0	0	0	0	0	0	0	0	0	0	0	0	0	0	0	0	0	2	4	0	0	0	0	0	0
fsh-generated/resources/EvidenceVariable-OutcomeTimeToDeescalation.json	331	1	0	0	0	0	0	0	0	0	0	0	0	0	0	0	0	0	0	0	2	3	0	0	0	0	0	0
fsh-generated/resources/Group-Outcome-EventFreeSurvival.json	582	1	0	0	0	0	0	0	0	0	0	0	0	0	0	0	0	0	0	0	3	13	0	0	0	0	0	0
fsh-generated/resources/Group-Outcome-OverallSurvival.json	562	1	0	0	0	0	0	0	0	0	0	0	0	0	0	0	0	0	0	0	2	8	0	0	0	0	0	0
fsh-generated/resources/Group-Outcome-ProgressionFreeSurvival.json	596	1	0	0	0	0	0	0	0	0	0	0	0	0	0	0	0	0	0	0	3	8	0	0	0	0	0	0
fsh-generated/resources/Group-Outcome-Staging-NPV.json	614	0	0	0	0	0	0	0	0	1	0	0	0	0	0	0	0	0	0	0	2	9	0	0	0	0	0	0
fsh-generated/resources/Group-Outcome-Staging-PPV.json	614	1	0	0	0	0	0	0	0	0	0	0	0	0	0	0	0	0	0	0	2	8	0	0	0	0	0	0
fsh-generated/resources/Group-Outcome-Staging-Sensitivity.json	600	1	0	0	0	0	0	0	1	0	0	0	0	0	0	0	0	0	0	0	3	7	0	0	0	0	0	0
fsh-generated/resources/Group-Outcome-Staging-Specificity.json	596	1	0	0	0	0	0	0	0	0	0	0	0	0	0	0	0	0	0	0	2	5	0	0	0	0	0	0
fsh-generated/resources/Group-Outcome-Staging.json	556	1	0	0	0	0	0	0	0	0	0	0	0	0	0	0	0	0	0	0	3	5	0	0	0	0	0	0
fsh-generated/resources/Group-PICOComparatorRec17.json	447	1	0	0	0	0	0	0	0	38	0	0	0	0	0	0	0	0	0	0	4	7	0	0	0	0	0	0
fsh-generated/resources/Group-PICOInterventionRec17.json	961	1	0	0	0	0	0	0	0	2	0	0	0	0	0	0	0	0	0	0	5	7	0	1	0	0	0	0
fsh-generated/resources/Group-PICOOutcomeSensitivityRec17.json	450	1	0	0	1	0	0	0	0	1	0	0	0	0	0	0	0	0	0	0	4	8	0	0	0	0	0	0
fsh-generated/resources/Group-PICOOutcomeSpecificityRec17.json	450	0	0	0	0	0	0	0	0	1	0	0	0	0	0	0	0	0	0	0	3	7	0	0	0	0	0	0
fsh-generated/resources/Group-PICOPopulationRec17.json	581	1	0	0	0	0	0	0	0	2	0	0	0	0	0	0	0	0	0	0	4	7	0	0	0	0	0	0
fsh-generated/resources/Group-PICOQuestionRec17.json	2035	1	0	0	0	0	0	0	0	3	0	0	0	0	0	0	0	0	0	0	10	15	0	0	0	0	0	0
fsh-generated/resources/Organization-AWMF.json	351	1	0	0	0	0	0	0	0	0	0	0	0	0	0	0	0	0	0	0	2	3	0	0	0	0	0	0
fsh-generated/resources/Organization-AWMFMemberOrganizationExample.json	2316	1	0	0	0	0	0	0	0	0	0	0	0	0	0	0	0	0	0	0	4	5	0	0	0	0	0	0
fsh-generated/resources/Organization-CPAnet.json	289	1	0	0	0	0	0	0	0	0	0	0	0	0	0	0	0	0	0	0	2	2	0	0	0	0	0	0
fsh-generated/resources/Organization-DEGRO.json	1163	0	0	0	0	0	0	0	0	0	0	0	0	0	0	0	0	0	0	0	3	3	0	0	0	0	0	0
fsh-generated/resources/Organization-DEGUM.json	1198	1	0	0	0	0	0	0	0	1	0	0	0	0	0	0	0	0	0	0	3	3	0	0	0	0	0	0
fsh-generated/resources/Organization-DGA.json	1142	1	0	0	0	0	0	0	0	0	0	0	0	0	0	0	0	0	0	0	3	2	0	0	0	0	0	0
fsh-generated/resources/Organization-DGAI.json	1225	1	0	0	0	0	0	0	1	0	0	0	0	0	0	0	0	0	0	0	4	3	0	0	0	0	0	0
fsh-generated/resources/Organization-DGCH.json	1144	0	0	0	0	0	0	0	0	0	0	0	0	0	0	0	0	0	0	0	3	3	0	0	0	0	0	0
fsh-generated/resources/Organization-DGEBV.json	1231	1	0	0	0	0	0	0	0	0	0	0	0	0	0	0	0	0	0	0	4	3	0	0	0	0	0	0
fsh-generated/resources/Organization-DGG.json	1140	1	0	0	0	0	0	0	0	0	0	0	0	0	0	0	0	0	0	0	3	3	0	0	0	0	0	0
fsh-generated/resources/Organization-DGGG.json	1204	1	0	0	0	0	0	0	0	0	0	0	0	0	0	0	0	0	0	0	3	2	0	0	0	0	0	0
fsh-generated/resources/Organization-DGHM.json	1192	1	0	0	0	0	0	0	0	0	0	0	0	0	0	0	0	0	0	0	3	3	0	0	0	0	0	0
fsh-generated/resources/Organization-DGHO.json	1234	0	0	0	0	0	0	0	0	0	0	0	0	0	0	0	0	0	0	0	4	4	0	0	0	0	0	0
fsh-generated/resources/Organization-DGI.json	1152	1	0	0	0	0	0	0	0	0	0	0	0	0	0	0	0	0	0	0	6	3	0	0	0	0	0	0
fsh-generated/resources/Organization-DGIIN.json	1268	1	0	0	0	0	0	0	1	0	0	0	0	0	0	0	0	0	0	0	7	3	0	0	0	0	0	0
fsh-generated/resources/Organization-DGIM.json	1159	1	0	0	0	0	0	0	0	0	0	0	0	0	0	0	0	0	0	0	4	3	0	0	0	0	0	0
fsh-generated/resources/Organization-DGN.json	1155	1	0	0	0	0	0	0	0	0	0	0	0	0	0	0	0	0	0	0	4	4	0	0	0	0	0	0
fsh-generated/resources/Organization-DGP.json	1209	0	0	0	0	0	0	0	0	0	0	0	0	0	0	0	0	0	0	0	4	3	0	0	0	0	0	0
fsh-generated/resources/Organization-DGPPN.json	1317	1	0	0	1	0	0	0	0	0	0	0	0	0	0	0	0	0	0	0	4	3	0	0	0	0	0	0
fsh-generated/resources/Organization-DGPalliativ.json	1168	1	0	0	0	0	0	0	0	0	0	0	0	0	0	0	0	0	0	0	3	3	0	0	0	0	0	0
fsh-generated/resources/Organization-DGPathologie.json	1152	1	0	0	0	0	0	0	0	0	0	0	0	0	0	0	0	0	0	0	5	2	0	0	0	0	0	0
fsh-generated/resources/Organization-DGU.json	1137	1	0	0	0	0	0	0	0	0	0	0	0	0	0	0	0	0	0	0	3	2	0	0	0	0	0	0
fsh-generated/resources/Organization-DRG.json	1247	0	0	0	0	0	0	0	0	0	0	0	0	0	0	0	0	0	0	0	4	3	0	0	0	0	0	0
fsh-generated/resources/Organization-DSG.json	1116	1	0	0	0	0	0	0	1	0	0	0	0	0	0	0	0	0	0	0	3	1	0	0	0	0	0	0
fsh-generated/resources/Organization-EbMNetzwerk.json	453	1	0	0	0	0	0	0	0	0	0	0	0	0	0	0	0	0	0	0	2	2	0	0	0	0	0	0
fsh-generated/resources/Organization-GFV.json	1113	1	0	0	0	0	0	0	0	0	0	0	0	0	0	0	0	0	0	0	4	2	0	0	0	0	0	0
fsh-generated/resources/Organization-MedicalSocietyExample.json	1848	1	0	0	0	0	0	0	0	0	0	0	0	0	0	0	0	0	0	0	5	2	0	0	0	0	0	0
fsh-generated/resources/Organization-PEG.json	1174	1	0	0	0	0	0	0	0	0	0	0	0	0	0	0	0	1	0	0	4	3	0	0	0	0	0	0
fsh-generated/resources/Organization-RKI.json	238	1	0	0	0	0	0	0	0	0	0	0	0	0	0	0	0	0	0	0	2	1	0	0	0	0	0	0
fsh-generated/resources/PlanDefinition-Recommendation-PlanDefinition-example.json	590	0	0	0	0	0	0	0	0	18	0	0	0	0	0	0	0	0	0	0	9	5	0	0	0	0	0	0
fsh-generated/resources/Practitioner-DirkHellwig.json	454	1	0	0	0	0	0	0	0	0	0	0	0	0	0	0	0	0	0	0	3	3	0	0	0	0	0	0
fsh-generated/resources/Practitioner-GuidelineAuthorExample.json	510	1	0	0	0	0	0	0	0	0	0	0	0	0	0	0	0	0	0	0	3	2	0	0	0	0	0	0
fsh-generated/resources/Practitioner-JessicaRademacher.json	614	0	0	0	0	0	0	0	0	0	0	0	0	0	0	0	0	0	0	0	3	1	0	0	0	0	0	0
fsh-generated/resources/Practitioner-LaleUmutlu.json	451	1	0	0	0	0	0	0	0	0	0	0	0	0	0	0	0	0	0	0	2	2	0	0	0	0	0	0
fsh-generated/resources/Practitioner-ThorstenPersigehl.json	472	1	0	0	0	0	0	0	0	0	0	0	0	0	0	0	0	0	0	0	3	2	0	0	0	0	0	0
fsh-generated/resources/Practitioner-UlrichDuehrsen.json	463	1	0	0	0	0	0	0	0	0	0	0	0	0	0	0	0	0	0	0	3	2	0	0	0	0	0	0
fsh-generated/resources/Practitioner-contributor0.json	160	0	0	0	0	0	0	0	0	1	0	0	0	0	0	0	0	0	0	0	3	1	0	0	0	0	0	0
fsh-generated/resources/Practitioner-contributor1.json	159	1	0	0	0	0	0	0	0	1	0	0	0	0	0	0	0	0	0	0	3	2	0	0	0	0	0	0
fsh-generated/resources/Practitioner-contributor2.json	158	0	0	0	0	0	0	0	0	0	0	0	0	0	0	0	0	0	0	0	2	2	0	0	0	0	0	0
fsh-generated/resources/Practitioner-contributor3.json	160	0	0	0	1	0	0	0	0	1	0	0	0	0	0	0	0	0	0	0	3	1	0	0	0	0	0	0
fsh-generated/resources/Practitioner-contributor4.json	161	1	0	0	0	0	0	0	0	0	0	0	0	0	0	0	0	0	0	0	2	2	0	0	0	0	0	0
fsh-generated/resources/PractitionerRole-DirkHellwigDGNFor018-038.json	499	1	0	0	0	0	0	0	0	1	0	0	0	0	0	0	0	0	0	0	5	6	0	0	0	0	0	0
fsh-generated/resources/PractitionerRole-GuidelineAuthorRoleExample.json	667	0	0	0	0	0	0	0	0	0	0	0	0	0	0	0	0	0	0	0	3	3	0	0	0	0	0	0
fsh-generated/resources/PractitionerRole-JessicaRademacherDGPFor020-013.json	668	1	0	0	0	0	0	0	1	1	0	0	0	0	0	0	0	0	0	0	3	3	0	0	0	0	0	0
fsh-generated/resources/PractitionerRole-LaleUmutluDRGFor018-038.json	497	1	0	0	0	0	0	0	0	0	0	0	0	0	0	0	0	0	0	0	5	2	0	0	0	0	0	0
fsh-generated/resources/PractitionerRole-ThorstenPersigehlDRGFor018-038.json	511	1	0	0	0	0	0	0	0	1	0	0	0	0	0	0	0	0	0	0	6	3	0	0	0	0	0	0
fsh-generated/resources/PractitionerRole-UlrichDuehrsenDGIMFor018-038.json	507	0	0	0	0	0	0	0	0	1	0	0	0	0	0	0	0	0	0	0	5	3	0	0	0	0	0	0
fsh-generated/resources/StructureDefinition-awmf-guideline-record-s1.json	1112	1	0	926	0	0	0	1	0	232	0	0	4	0	0	0	0	24	0	0	3285	13430	0	0	0	54	3	13
fsh-generated/resources/StructureDefinition-awmf-guideline-record-s2e.json	1081	1	0	210	0	0	0	0	0	235	0	0	3	0	0	0	0	18	0	0	3201	5039	0	0	0	54	3	12
fsh-generated/resources/StructureDefinition-awmf-guideline-record-s2k.json	1085	0	0	306	0	0	0	0	0	162	0	0	2	0	0	0	0	14	0	0	3251	3565	0	0	0	54	2	14
fsh-generated/resources/StructureDefinition-awmf-guideline-record-s3.json	1124	1	0	403	0	0	0	0	0	142	0	0	2	0	0	0	0	11	0	0	3258	3996	0	0	0	54	2	7
fsh-generated/resources/StructureDefinition-awmf-guideline.json	295843	43	0	1497	0	0	0	0	0	1305	0	0	5	0	0	0	0	14	0	0	12027	8399	0	0	0	210	3	15
fsh-generated/resources/StructureDefinition-awmf-member-organization.json	2554	2	0	35	0	0	0	0	0	16	0	0	0	0	0	0	0	0	0	0	127	149	0	0	0	3	0	0
fsh-generated/resources/StructureDefinition-citation-list.json	778	0	0	11	0	0	0	0	0	7	0	0	0	0	0	1	0	0	0	0	69	113	0	0	0	2	0	0
fsh-generated/resources/StructureDefinition-conceptual-cohort-definition-comparator.json	1179	1	0	18	0	0	0	0	0	8	0	0	0	0	0	0	0	0	0	0	119	191	0	0	0	3	1	1
fsh-generated/resources/StructureDefinition-conceptual-cohort-definition-intervention.json	1191	1	0	26	0	0	0	0	0	7	0	0	0	0	0	0	0	1	0	0	118	204	0	0	0	4	0	0
fsh-generated/resources/StructureDefinition-conceptual-cohort-definition-outcome.json	1161	0	0	17	0	0	0	0	0	7	0	0	0	0	0	0	0	0	0	0	118	197	0	0	0	3	0	1
fsh-generated/resources/StructureDefinition-conceptual-cohort-definition-population.json	1179	1	0	16	0	0	0	0	0	7	0	0	0	0	0	0	0	0	0	0	119	161	0	0	0	4	0	0
fsh-generated/resources/StructureDefinition-evidence-assessment.json	2768	1	0	44	1	0	0	0	0	23	0	0	0	0	0	0	0	1	0	0	361	493	0	0	0	6	0	1
fsh-generated/resources/StructureDefinition-evidence-internal-assessment-agreeii.json	1295	1	0	80	0	0	0	0	0	17	0	0	1	0	0	0	0	1	0	0	343	515	0	0	0	6	1	1
fsh-generated/resources/StructureDefinition-evidence-internal-assessment-amstar2.json	1279	1	0	38	0	0	0	0	0	18	0	0	0	0	0	0	0	1	0	0	344	502	0	0	0	6	0	2
fsh-generated/resources/StructureDefinition-evidence-internal-assessment-cochrane-rob.json	1309	0	0	36	0	0	0	0	0	17	0	0	0	0	0	0	0	1	0	0	346	517	0	0	0	6	0	1
fsh-generated/resources/StructureDefinition-evidence-internal-assessment-robis.json	1285	1	0	35	0	0	0	0	0	19	0	0	0	0	0	0	0	1	0	0	345	487	0	0	0	6	1	1
fsh-generated/resources/StructureDefinition-evidence-internal-validity-assessment.json	763	1	0	2	0	0	0	0	0	29	0	0	1	0	0	0	0	1	0	0	325	348	0	0	0	6	0	1
fsh-generated/resources/StructureDefinition-evidence-overall-assessment-grade.json	6129	1	0	224	0	0	0	0	0	81	0	0	0	0	0	0	0	2	0	0	888	669	0	0	0	14	1	2
fsh-generated/resources/StructureDefinition-evidence-overall-assessment-oxford2011.json	1337	1	0	48	0	0	0	0	0	35	0	0	0	0	0	0	0	1	0	0	397	385	0	0	0	7	0	2
fsh-generated/resources/StructureDefinition-evidence-overall-quality-assessment.json	2540	1	0	2	0	0	0	0	0	39	0	0	1	0	0	0	0	1	0	0	412	354	0	0	0	7	0	1
fsh-generated/resources/StructureDefinition-evidence-report-with-contact-slices.json	4789	1	0	1	0	0	0	0	0	35	0	0	0	0	0	0	0	1	0	0	368	300	0	0	0	8	0	0
fsh-generated/resources/StructureDefinition-ext-artifact-extended-contact.json	1794	1	0	5	0	0	0	0	0	6	0	0	0	0	0	0	0	0	0	0	26	78	0	0	0	1	0	1
fsh-generated/resources/StructureDefinition-ext-author-language.json	2646	1	0	3	0	0	0	0	0	4	0	0	0	0	0	0	0	0	0	0	28	87	0	0	0	1	0	0
fsh-generated/resources/StructureDefinition-ext-composition-approval-date.json	1867	0	0	2	0	0	0	0	0	3	0	0	0	0	0	0	0	0	0	0	26	91	0	0	0	1	0	0
fsh-generated/resources/StructureDefinition-ext-composition-effective-period.json	1901	1	0	2	0	0	0	0	0	2	0	0	0	0	0	0	0	0	0	0	26	97	0	0	0	0	0	0
fsh-generated/resources/StructureDefinition-ext-composition-last-review-date.json	1843	1	0	2	0	0	0	0	0	3	0	0	0	0	0	0	0	0	0	0	26	83	0	0	0	1	0	0
fsh-generated/resources/StructureDefinition-ext-consultation-period.json	1717	1	0	2	0	0	0	0	0	3	0	0	0	0	0	0	0	0	0	0	26	114	0	0	0	1	0	0
fsh-generated/resources/StructureDefinition-ext-first-publication-date.json	1689	1	0	1	0	0	0	0	0	2	0	0	0	0	0	0	0	0	0	0	25	113	0	0	0	1	0	0
fsh-generated/resources/StructureDefinition-ext-guideline-author-role.json	1807	0	0	2	0	0	0	0	0	3	0	0	0	0	0	0	0	0	0	0	27	114	0	0	0	1	0	0
fsh-generated/resources/StructureDefinition-ext-medical-subject-category.json	2173	1	0	4	1	0	0	0	0	6	0	0	0	0	0	0	0	0	0	0	52	126	0	0	0	1	0	0
fsh-generated/resources/StructureDefinition-ext-medical-subject.json	1516	1	0	1	0	0	0	0	0	2	0	0	0	0	0	0	0	0	0	0	25	102	0	0	0	1	0	0
fsh-generated/resources/StructureDefinition-ext-planned-completion-date.json	1716	1	0	2	0	0	0	0	0	2	0	0	0	0	0	0	0	0	0	0	24	94	0	0	0	1	0	0
fsh-generated/resources/StructureDefinition-ext-publication-date.json	1631	1	0	3	0	0	0	0	0	3	0	0	0	0	0	0	0	0	0	0	25	78	0	0	0	0	0	0
fsh-generated/resources/StructureDefinition-ext-recommendation-review-status.json	3703	1	0	8	0	0	0	0	0	6	0	0	0	0	0	0	0	0	0	0	62	95	0	0	0	2	0	0
fsh-generated/resources/StructureDefinition-ext-registration-date.json	1651	1	0	2	0	0	0	0	0	3	0	0	0	0	0	0	0	0	0	0	25	78	0	0	0	3	0	0
fsh-generated/resources/StructureDefinition-ext-relates-to-classifier.json	1616	1	0	3	0	0	0	0	0	2	0	0	0	0	0	0	0	0	0	0	26	86	0	0	0	1	0	0
fsh-generated/resources/StructureDefinition-ext-relates-to-label.json	1559	0	0	2	0	0	0	0	0	2	0	0	0	0	0	0	0	0	0	0	25	83	0	0	0	1	0	0
fsh-generated/resources/StructureDefinition-ext-section-coding.json	2249	1	0	2	0	0	0	0	0	3	0	0	0	0	0	0	0	0	0	0	26	78	0	0	0	2	0	0
fsh-generated/resources/StructureDefinition-ext-section-intended-audience.json	1873	1	0	4	0	0	0	0	0	2	0	0	0	0	0	0	0	0	0	0	26	81	0	0	0	1	0	0
fsh-generated/resources/StructureDefinition-ext-section-keyword.json	4397	2	0	9	1	0	0	0	0	12	0	0	0	0	0	0	0	1	0	0	148	153	0	0	0	4	0	1
fsh-generated/resources/StructureDefinition-ext-section-language.json	2509	1	0	2	0	0	0	0	0	2	0	0	0	0	0	0	0	0	0	0	28	79	0	0	0	1	0	0
fsh-generated/resources/StructureDefinition-ext-submission-date.json	1666	0	0	1	0	0	0	0	0	3	0	0	0	0	0	0	0	0	0	0	25	74	0	0	0	0	0	0
fsh-generated/resources/StructureDefinition-guideline-attachment.json	1221	1	0	16	0	0	0	0	0	11	0	0	0	0	0	0	0	0	0	0	133	184	0	0	0	5	1	0
fsh-generated/resources/StructureDefinition-guideline-author-role.json	1018	1	0	9	0	0	0	0	0	7	0	0	0	0	0	0	0	0	0	0	66	116	0	0	0	3	0	0
fsh-generated/resources/StructureDefinition-guideline-author.json	669	0	0	10	0	0	0	0	0	5	0	0	0	0	0	0	0	0	0	0	74	123	0	0	0	2	0	0
fsh-generated/resources/StructureDefinition-guideline-registry-record.json	145357	21	0	16	0	0	0	0	0	675	0	0	2	0	0	0	0	7	0	0	5519	4853	0	1	0	105	0	7
fsh-generated/resources/StructureDefinition-medical-society.json	2775	1	0	1	0	0	0	0	0	11	0	0	0	0	0	0	0	0	0	0	93	152	0	0	0	2	0	0
fsh-generated/resources/StructureDefinition-outcome-evidence.json	1481	0	0	29	0	0	0	0	0	10	0	0	1	0	0	0	0	1	0	0	193	185	0	0	0	5	0	1
fsh-generated/resources/StructureDefinition-patient-organization.json	899	1	0	9	1	0	0	0	0	4	0	0	0	0	0	0	0	0	0	0	71	100	0	0	0	2	0	0
fsh-generated/resources/StructureDefinition-pico-question.json	7541	2	0	28	0	0	0	0	0	21	0	0	0	0	0	0	0	1	0	0	332	244	0	0	0	6	0	1
fsh-generated/resources/StructureDefinition-recommendation-justification-awmf.json	2310	1	0	76	0	0	0	0	0	18	0	0	0	0	0	0	0	0	0	0	333	655	0	0	0	6	0	1
fsh-generated/resources/StructureDefinition-recommendation-justification-expert-consensus.json	945	0	0	30	0	0	0	0	0	15	0	0	0	0	0	0	0	1	0	0	321	369	0	0	0	6	0	1
fsh-generated/resources/StructureDefinition-recommendation-justification-grade.json	10851	3	0	47	0	0	0	0	0	30	0	0	0	0	0	0	0	1	0	0	606	533	0	0	0	10	0	1
fsh-generated/resources/StructureDefinition-recommendation-justification-oxford-2009.json	2296	1	0	31	0	0	0	0	0	16	0	0	1	0	0	0	0	1	0	0	363	414	0	0	0	5	1	1
fsh-generated/resources/StructureDefinition-recommendation-justification-oxford-2011.json	2331	1	0	30	0	0	0	0	0	15	0	0	0	0	0	0	0	1	0	0	335	398	0	0	0	8	0	1
fsh-generated/resources/StructureDefinition-recommendation-justification-sign.json	2069	1	0	30	0	0	0	0	0	16	0	0	0	0	0	0	0	1	0	0	332	407	0	0	0	6	0	0
fsh-generated/resources/StructureDefinition-recommendation-justification.json	16567	3	0	2	0	0	0	0	0	45	0	0	0	0	0	0	0	1	0	0	591	445	0	0	0	10	0	1
fsh-generated/resources/StructureDefinition-recommendation.json	110604	16	0	462	0	0	0	0	0	371	0	0	2	0	0	0	0	6	0	0	4628	3006	0	0	0	80	1	7
fsh-generated/resources/ValueSet-ocebm-2011-levels-of-evidence-vs.json	521	1	0	0	0	0	0	0	0	33	0	0	0	0	0	0	0	0	0	0	6	52	0	0	0	1	0	0
fsh-generated/resources/ValueSet-vs-agree-ii-domains.json	450	1	0	0	1	0	0	0	0	1	0	0	0	0	0	0	0	0	0	0	4	35	0	0	0	0	0	0
fsh-generated/resources/ValueSet-vs-amstar2-confidence-ratings.json	533	0	0	0	0	0	0	0	0	1	0	0	0	0	0	0	0	0	0	0	6	33	0	0	0	0	0	0
fsh-generated/resources/ValueSet-vs-awmf-guideline-class.json	498	1	0	0	0	0	0	0	0	1	0	0	0	0	0	0	0	0	0	0	4	30	0	0	0	0	0	0
fsh-generated/resources/ValueSet-vs-awmf-guideline-status.json	503	0	0	0	0	0	0	0	0	1	0	0	0	0	0	0	0	0	0	0	5	35	0	0	0	0	0	0
fsh-generated/resources/ValueSet-vs-body-system-conditions.json	479	1	0	0	0	0	0	0	0	1	0	0	0	0	0	0	0	0	0	0	4	30	0	0	0	0	0	0
fsh-generated/resources/ValueSet-vs-care-level.json	666	0	0	0	0	0	0	0	0	8	0	0	0	0	0	0	0	0	0	0	6	38	0	0	0	0	0	0
fsh-generated/resources/ValueSet-vs-care-stage.json	871	1	0	0	0	0	0	0	0	1	0	0	0	0	0	0	0	0	0	0	7	36	0	0	0	1	0	0
fsh-generated/resources/ValueSet-vs-clinical-application-type.json	499	0	0	0	0	0	0	0	0	1	0	0	0	0	0	0	0	0	0	0	4	32	0	0	0	0	0	0
fsh-generated/resources/ValueSet-vs-content-types.json	2467	1	0	0	0	0	0	0	1	3	0	0	0	0	0	0	0	0	0	0	10	38	0	0	0	0	0	0
fsh-generated/resources/ValueSet-vs-dissemination-website.json	635	1	0	0	0	0	0	0	0	1	0	0	0	0	0	0	0	0	0	0	5	28	0	0	0	0	0	0
fsh-generated/resources/ValueSet-vs-encounter-type.json	789	0	0	0	0	0	0	0	0	2	0	0	0	0	0	0	0	0	0	0	8	31	0	0	0	0	0	0
fsh-generated/resources/ValueSet-vs-guideline-author-role.json	487	1	0	0	0	0	0	0	0	1	0	0	0	0	0	0	0	0	0	0	5	33	0	0	0	0	0	0
fsh-generated/resources/ValueSet-vs-guideline-contact-point.json	538	0	0	0	0	0	0	0	0	0	0	0	0	0	0	0	0	0	0	0	6	31	0	0	0	1	0	0
fsh-generated/resources/ValueSet-vs-guideline-release-type.json	482	1	0	0	0	0	0	0	0	1	0	0	0	0	0	0	0	0	0	0	5	23	0	1	0	0	0	0
fsh-generated/resources/ValueSet-vs-guideline-sections.json	554	1	0	0	0	0	0	0	1	1	0	0	0	0	0	0	0	0	0	0	6	110	0	0	0	0	0	0
fsh-generated/resources/ValueSet-vs-intended-audience.json	485	0	0	0	0	0	0	0	0	0	0	0	0	0	0	0	0	0	0	0	6	25	0	0	0	0	0	0
fsh-generated/resources/ValueSet-vs-level-of-consensus.json	489	1	0	0	0	0	0	0	0	1	0	0	0	0	0	0	0	0	0	0	6	25	0	0	0	0	0	0
fsh-generated/resources/ValueSet-vs-medical-subject-categories.json	530	0	0	0	0	0	0	0	0	1	0	0	0	0	0	0	0	0	0	0	6	23	0	0	0	0	0	0
fsh-generated/resources/ValueSet-vs-ocebm-2009-levels-of-evidence.json	582	1	0	0	0	0	0	0	0	0	0	0	0	0	0	0	0	0	0	0	5	23	0	0	0	0	0	0
fsh-generated/resources/ValueSet-vs-pico.json	426	1	0	0	0	0	0	0	0	1	0	0	0	0	0	0	0	0	0	0	6	22	0	0	0	1	0	0
fsh-generated/resources/ValueSet-vs-rating-acceptability.json	1031	0	0	0	0	0	0	0	0	1	0	0	0	0	0	0	0	0	0	0	9	22	0	0	0	0	0	0
fsh-generated/resources/ValueSet-vs-rating-benefits-and-harms.json	884	1	0	0	1	0	0	0	0	1	0	0	0	0	0	0	0	0	0	0	8	22	0	0	0	0	0	0
fsh-generated/resources/ValueSet-vs-rating-certainty-of-evidence.json	892	1	0	0	0	0	0	0	0	2	0	0	0	0	0	0	0	0	0	0	7	24	0	0	0	0	0	0
fsh-generated/resources/ValueSet-vs-rating-concern-degree.json	948	1	0	0	0	0	0	0	1	2	0	0	0	0	0	0	0	0	0	0	6	22	0	0	0	0	0	0
fsh-generated/resources/ValueSet-vs-rating-equity.json	990	0	0	0	0	0	0	0	0	1	0	0	0	0	0	0	0	0	0	0	7	24	0	0	0	0	0	0
fsh-generated/resources/ValueSet-vs-rating-feasibility.json	1066	1	0	0	0	0	0	0	0	2	0	0	0	0	0	0	0	0	0	0	10	22	0	0	0	0	0	0
fsh-generated/resources/ValueSet-vs-rating-preference-and-values.json	1059	1	0	0	0	0	0	0	0	2	0	0	0	0	0	0	0	0	0	0	6	22	0	0	0	1	0	0
fsh-generated/resources/ValueSet-vs-rating-resources.json	998	0	0	0	0	0	0	0	0	1	0	0	0	0	0	0	0	0	0	0	9	34	0	0	0	0	0	0
fsh-generated/resources/ValueSet-vs-recommendation-direction.json	503	1	0	0	0	0	0	0	0	1	0	0	0	0	0	0	0	0	0	0	5	23	0	0	0	0	0	0
fsh-generated/resources/ValueSet-vs-recommendation-review-status.json	565	1	0	0	0	0	0	0	0	1	0	0	0	0	0	0	0	0	0	0	6	23	0	0	0	0	0	0
fsh-generated/resources/ValueSet-vs-recommendation-strength-awmf.json	528	0	0	0	0	0	0	0	0	0	0	0	0	0	0	0	0	0	0	0	5	21	0	0	0	0	0	0
fsh-generated/resources/ValueSet-vs-recommendation-synthesis-type.json	527	1	0	0	0	0	0	0	0	1	0	0	0	0	0	0	0	0	0	0	5	21	0	0	0	0	0	0
fsh-generated/resources/ValueSet-vs-recommendation-tags.json	475	0	0	0	1	0	0	0	0	1	0	0	0	0	0	0	0	1	0	0	5	21	0	0	0	0	0	0
fsh-generated/resources/ValueSet-vs-remark-type.json	506	1	0	0	0	0	0	0	0	1	0	0	0	0	0	0	0	0	0	0	6	22	0	0	0	0	0	0
fsh-generated/resources/ValueSet-vs-rob-2-overall-judgment.json	562	1	0	0	0	0	0	0	0	0	0	0	0	0	0	0	0	0	0	0	5	24	0	0	0	0	0	0
fsh-generated/resources/ValueSet-vs-robis-judgment-of-risk-of-bias.json	529	0	0	0	0	0	0	0	1	1	0	0	0	0	0	0	0	0	0	0	5	19	0	0	0	1	0	0
fsh-generated/resources/ValueSet-vs-robis-risk-of-bias-domains.json	502	1	0	0	0	0	0	0	0	0	0	0	0	0	0	0	0	0	0	0	4	20	0	0	0	0	0	0
fsh-generated/resources/ValueSet-vs-sign-grade-of-recommendation.json	606	1	0	0	0	0	0	0	0	1	0	0	0	0	0	0	0	0	0	0	5	19	0	0	0	0	0	0
fsh-generated/resources/ValueSet-vs-sign-level-of-evidence.json	552	0	0	0	0	0	0	0	0	0	0	0	0	0	0	0	0	0	0	0	5	18	0	0	0	0	0	0
fsh-generated/resources/ValueSet-vs-target-patient-group.json	524	1	0	0	0	0	0	0	0	1	0	0	0	0	0	0	0	0	0	0	4	19	0	0	0	0	0	0
/input/includes/profile-reference.md	989	-	-	-	0	0	0	0	0	0	0	0	0	0	0	0	0	0	0	0	0	1	0	0	0	0	0	0
/input/includes/example-list-generator.md	890	-	-	-	0	0	0	0	0	0	0	0	0	0	0	0	0	0	0	0	0	0	0	0	0	0	0	0
/input/includes/resource-explicit.md	488	-	-	-	0	0	0	0	0	0	0	0	0	0	0	0	0	0	0	0	0	0	0	0	0	0	0	0
/input/includes/codesystem-reference.md	1028	-	-	-	0	0	0	0	0	0	0	0	0	0	0	0	0	0	0	0	0	0	0	0	0	0	0	0
/input/includes/link-list.md	9947	-	-	-	0	0	0	0	0	0	0	0	0	0	0	0	0	0	0	0	0	0	0	0	0	0	0	0
/input/includes/valueset-reference.md	1022	-	-	-	0	0	0	0	0	0	0	0	0	0	0	0	0	0	0	0	0	1	0	0	0	0	0	0
/input/includes/multi-language.md	2862	-	-	-	0	0	0	0	0	0	0	0	0	0	0	0	0	0	0	0	0	0	0	0	0	0	0	0
/input/includes/questionnaire-reference.md	735	-	-	-	0	0	0	0	0	0	0	0	0	0	0	0	0	0	0	0	0	0	0	0	0	0	0	0
/input/includes/variables.md	54	-	-	-	0	0	0	0	0	0	0	0	0	0	0	0	0	0	0	0	0	0	0	0	0	0	0	0
/fsh-generated/includes/menu.xml	1337	-	-	-	0	0	0	0	0	0	0	0	0	0	0	0	0	0	0	0	0	0	0	0	0	0	0	0
/fsh-generated/includes/fsh-link-references.md	21192	-	-	-	0	0	0	0	0	0	0	0	0	0	0	0	0	0	0	0	0	1	0	0	0	0	0	0
/input/data/ig.yml	65338	-	-	-	0	0	0	0	0	0	0	0	0	0	0	0	0	0	0	0	0	0	0	0	0	0	0	0
/input/intro-notes/StructureDefinition-evidence-overall-quality-assessment-intro	3666	-	-	-	0	0	0	0	0	0	0	0	0	0	0	0	0	0	0	0	0	63	0	0	0	0	0	0
/input/intro-notes/StructureDefinition-medical-society-intro.md	2419	-	-	-	0	0	0	0	0	0	0	0	0	0	0	0	0	0	0	0	0	0	0	0	0	0	0	0
/input/intro-notes/StructureDefinition-ext-relates-to-classifier-intro.md	1402	-	-	-	0	0	0	0	0	0	0	0	0	0	0	0	0	0	0	0	0	0	0	0	0	0	0	0
/input/intro-notes/StructureDefinition-ext-artifact-extended-contact-intro.md	1274	-	-	-	0	0	0	0	0	0	0	0	0	0	0	0	0	0	0	0	0	0	0	0	0	0	0	0
/input/intro-notes/StructureDefinition-recommendation-justification-sign-intro.md	395	-	-	-	0	0	0	0	0	0	0	0	0	0	0	0	0	0	0	0	0	0	0	0	0	0	0	0
/input/intro-notes/StructureDefinition-awmf-guideline-s3-intro.md	395	-	-	-	0	0	0	0	0	0	0	0	0	0	0	0	0	0	0	0	0	1	0	0	0	0	0	0
/input/intro-notes/StructureDefinition-evidence-report-with-contact-slices-intro.md	1699	-	-	-	0	0	0	0	0	0	0	0	0	0	0	0	0	0	0	0	0	0	0	0	0	0	0	0
/input/intro-notes/StructureDefinition-awmf-guideline-intro.md	1422	-	-	-	0	0	0	0	0	0	0	0	0	0	0	0	0	0	0	0	0	0	0	0	0	0	0	0
/input/intro-notes/StructureDefinition-guideline-author-role-intro.md	2397	-	-	-	0	0	0	0	0	0	0	0	0	0	0	0	0	0	0	0	0	0	0	0	0	0	0	0
/input/intro-notes/StructureDefinition-ext-recommendation-review-status-intro.md	1764	-	-	-	0	0	0	0	0	0	0	0	0	0	0	0	0	0	0	0	0	0	0	0	0	0	0	0
/input/intro-notes/StructureDefinition-conceptual-cohort-definition-outcome-intro.md	1789	-	-	-	0	0	0	0	0	0	0	0	0	0	0	0	0	0	0	0	0	0	0	0	0	0	0	0
/input/intro-notes/StructureDefinition-ext-registration-date-intro.md	863	-	-	-	0	0	0	0	0	0	0	0	0	0	0	0	0	0	0	0	0	1	0	0	0	0	0	0
/input/intro-notes/StructureDefinition-awmf-guideline-s1-intro.md	395	-	-	-	0	0	0	0	0	0	0	0	0	0	0	0	0	0	0	0	0	0	0	0	0	0	0	0
/input/intro-notes/StructureDefinition-overall-evidence-assessment-intro.md	1592	-	-	-	0	0	0	0	0	0	0	0	0	0	0	0	0	0	0	0	0	0	0	0	0	0	0	0
/input/intro-notes/StructureDefinition-guideline-registry-record-intro.md	4813	-	-	-	0	0	0	0	0	0	0	0	0	0	0	0	0	0	0	0	0	0	0	0	0	0	0	0
/input/intro-notes/StructureDefinition-recommendation-justification-intro.md	7734	-	-	-	0	0	0	0	0	0	0	0	0	0	0	0	0	0	0	0	0	1	0	0	0	0	0	0
/input/intro-notes/StructureDefinition-citation-list-intro.md	395	-	-	-	0	0	0	0	0	0	0	0	0	0	0	0	0	0	0	0	0	0	0	0	0	0	0	0
/input/intro-notes/StructureDefinition-recommendation-justification-oxford-2011-intro.md	395	-	-	-	0	0	0	0	0	0	0	0	0	0	0	0	0	0	0	0	0	0	0	0	0	0	0	0
/input/intro-notes/StructureDefinition-ext-planned-completion-date-intro.md	1015	-	-	-	0	0	0	0	0	0	0	0	0	0	0	0	0	0	0	0	0	0	0	0	0	0	0	0
/input/intro-notes/StructureDefinition-awmf-guideline-record-s1-intro.md	1799	-	-	-	0	0	0	0	0	0	0	0	0	0	0	0	0	0	0	0	0	0	0	0	0	0	0	0
/input/intro-notes/StructureDefinition-certainty-of-evidence-rating-intro.md	395	-	-	-	0	0	0	0	0	0	0	0	0	0	0	0	0	0	0	0	0	0	0	0	0	0	0	0
/input/intro-notes/StructureDefinition-recommendation-justification-awmf-intro.md	2161	-	-	-	0	0	0	0	0	0	0	0	0	0	0	0	0	0	0	0	0	0	0	0	0	0	0	0
/input/intro-notes/StructureDefinition-conceptual-cohort-definition-population-intro.md	1503	-	-	-	0	0	0	0	0	0	0	0	0	0	0	0	0	0	0	0	0	1	0	0	0	0	0	0
/input/intro-notes/StructureDefinition-evidence-overall-quality-assessment-intro.md	395	-	-	-	0	0	0	0	0	0	0	0	0	0	0	0	0	0	0	0	0	0	0	0	0	0	0	0
/input/intro-notes/StructureDefinition-ext-guideline-author-role-intro.md	1787	-	-	-	0	0	0	0	0	0	0	0	0	0	0	0	0	0	0	0	0	0	0	0	0	0	0	0
/input/intro-notes/StructureDefinition-ext-author-language-intro.md	1238	-	-	-	0	0	0	0	0	0	0	0	0	0	0	0	0	0	0	0	0	0	0	0	0	0	0	0
/input/intro-notes/StructureDefinition-evidence-internal-assessment-agreeii-intro.md	2156	-	-	-	0	0	0	0	0	0	0	0	0	0	0	0	0	0	0	0	0	0	0	0	0	0	0	0
/input/intro-notes/StructureDefinition-recommendation-justification-grade-intro.md	3668	-	-	-	0	0	0	0	0	0	0	0	0	0	0	0	0	0	0	0	0	0	0	0	0	0	0	0
/input/intro-notes/StructureDefinition-evidence-internal-validity-assessment-intro.md	2109	-	-	-	0	0	0	0	0	0	0	0	0	0	0	0	0	0	0	0	0	1	0	0	0	0	0	0
/input/intro-notes/StructureDefinition-ext-relates-to-label-intro.md	1044	-	-	-	0	0	0	0	0	0	0	0	0	0	0	0	0	0	0	0	0	0	0	0	0	0	0	0
/input/intro-notes/StructureDefinition-evidence-assessment-intro.md	395	-	-	-	0	0	0	0	0	0	0	0	0	0	0	0	0	0	0	0	0	0	0	0	0	0	0	0
/input/intro-notes/StructureDefinition-awmf-guideline-record-s2e-intro.md	1714	-	-	-	0	0	0	0	0	0	0	0	0	0	0	0	0	0	0	0	0	0	0	0	0	0	0	0
/input/intro-notes/StructureDefinition-pico-question-intro.md	3090	-	-	-	0	0	0	0	0	0	0	0	0	0	0	0	0	0	0	0	0	0	0	0	0	0	0	0
/input/intro-notes/StructureDefinition-patient-organization-intro.md	1254	-	-	-	0	0	0	0	0	0	0	0	0	0	0	0	0	0	0	0	0	0	0	0	0	0	0	0
/input/intro-notes/StructureDefinition-ext-publication-date-intro.md	1136	-	-	-	0	0	0	0	0	0	0	0	0	0	0	0	0	0	0	0	0	1	0	0	0	0	0	0
/input/intro-notes/StructureDefinition-awmf-member-organization-intro.md	2347	-	-	-	0	0	0	0	0	0	0	0	0	0	0	0	0	0	0	0	0	0	0	0	0	0	0	0
/input/intro-notes/StructureDefinition-recommendation-justification-oxford-2009-intro.md	395	-	-	-	0	0	0	0	0	0	0	0	0	0	0	0	0	0	0	0	0	0	0	0	0	0	0	0
/input/intro-notes/StructureDefinition-ext-submission-date-intro.md	883	-	-	-	0	0	0	0	0	0	0	0	0	0	0	0	0	0	0	0	0	0	0	0	0	0	0	0
/input/intro-notes/StructureDefinition-ext-section-coding-intro.md	1592	-	-	-	0	0	0	0	0	0	0	0	0	0	0	0	0	0	0	0	0	0	0	0	0	0	0	0
/input/intro-notes/StructureDefinition-recommendation-justification-expert-consensus-intro.md	395	-	-	-	0	0	0	0	0	0	0	0	0	0	0	0	0	0	0	0	0	0	0	0	0	0	0	0
/input/intro-notes/StructureDefinition-ext-medical-subject-intro.md	1451	-	-	-	0	0	0	0	0	0	0	0	0	0	0	0	0	0	0	0	0	0	0	0	0	0	0	0
/input/intro-notes/StructureDefinition-awmf-guideline-record-s3-intro.md	1878	-	-	-	0	0	0	0	0	0	0	0	0	0	0	0	0	0	0	0	0	0	0	0	0	0	0	0
/input/intro-notes/StructureDefinition-evidence-internal-assessment-amstar2-intro.md	1771	-	-	-	0	0	0	0	0	0	0	0	0	0	0	0	0	0	0	0	0	1	0	0	0	0	0	0
/input/intro-notes/StructureDefinition-evidence-overall-assessment-grade-intro.md	2614	-	-	-	0	0	0	0	0	0	0	0	0	0	0	0	0	0	0	0	0	0	0	0	0	0	0	0
/input/intro-notes/StructureDefinition-evidence-internal-assessment-cochrane-rob-intro.md	1780	-	-	-	0	0	0	0	0	0	0	0	0	0	0	0	0	0	0	0	0	0	0	0	0	0	0	0
/input/intro-notes/StructureDefinition-recommendation-intro.md	2583	-	-	-	0	0	0	0	0	0	0	0	0	0	0	0	0	0	0	0	0	0	0	0	0	0	0	0
/input/intro-notes/StructureDefinition-evidence-internal-assessment-robis-intro.md	1717	-	-	-	0	0	0	0	0	0	0	0	0	0	0	0	0	0	0	0	0	0	0	0	0	0	0	0
/input/intro-notes/StructureDefinition-ext-section-intended-audience-intro.md	1238	-	-	-	0	0	0	0	0	0	0	0	0	0	0	0	0	0	0	0	0	1	0	0	0	0	0	0
/input/intro-notes/StructureDefinition-ext-first-publication-date-intro.md	1128	-	-	-	0	0	0	0	0	0	0	0	0	0	0	0	0	0	0	0	0	0	0	0	0	0	0	0
/input/intro-notes/StructureDefinition-guideline-author-intro.md	1974	-	-	-	0	0	0	0	0	0	0	0	0	0	0	0	0	0	0	0	0	0	0	0	0	0	0	0
/input/intro-notes/StructureDefinition-awmf-guideline-s2k-intro.md	395	-	-	-	0	0	0	0	0	0	0	0	0	0	0	0	0	0	0	0	0	0	0	0	0	0	0	0
/input/intro-notes/StructureDefinition-awmf-guideline-record-s2k-intro.md	1722	-	-	-	0	0	0	0	0	0	0	0	0	0	0	0	0	0	0	0	0	0	0	0	0	0	0	0
/input/intro-notes/StructureDefinition-ext-consultation-period-intro.md	1142	-	-	-	0	0	0	0	0	0	0	0	0	0	0	0	0	0	0	0	0	0	0	0	0	0	0	0
/input/intro-notes/StructureDefinition-guideline-attachment-intro.md	3099	-	-	-	0	0	0	0	0	0	0	0	0	0	0	0	0	0	0	0	0	0	0	0	0	0	0	0
/input/intro-notes/StructureDefinition-conceptual-cohort-definition-comparator-intro.md	1378	-	-	-	0	0	0	0	0	0	0	0	0	0	0	0	0	0	0	0	0	1	0	0	0	0	0	0
/input/intro-notes/StructureDefinition-awmf-guideline-s2e-intro.md	395	-	-	-	0	0	0	0	0	0	0	0	0	0	0	0	0	0	0	0	0	0	0	0	0	0	0	0
/input/intro-notes/StructureDefinition-outcome-evidence-intro.md	1710	-	-	-	0	0	0	0	0	0	0	0	0	0	0	0	0	0	0	0	0	0	0	0	0	0	0	0
/input/intro-notes/StructureDefinition-guideline-intro.md	5073	-	-	-	0	0	0	0	0	0	0	0	0	0	0	0	0	0	0	0	0	0	0	0	0	0	0	0
/input/intro-notes/StructureDefinition-ext-medical-subject-category-intro.md	1411	-	-	-	0	0	0	0	0	0	0	0	0	0	0	0	0	0	0	0	0	0	0	0	0	0	0	0
/input/intro-notes/StructureDefinition-ext-section-keyword-intro.md	1822	-	-	-	0	0	0	0	0	0	0	0	0	0	0	0	0	0	0	0	0	0	0	0	0	0	0	0
/input/intro-notes/StructureDefinition-conceptual-cohort-definition-intervention-intro.md	1391	-	-	-	0	0	0	0	0	0	0	0	0	0	0	0	0	0	0	0	0	1	0	0	0	0	0	0
/input/intro-notes/StructureDefinition-evidence-overall-assessment-oxford2011-intro.md	1741	-	-	-	0	0	0	0	0	0	0	0	0	0	0	0	0	0	0	0	0	0	0	0	0	0	0	0
/input/intro-notes/StructureDefinition-ext-section-language-intro.md	1501	-	-	-	0	0	0	0	0	0	0	0	0	0	0	0	0	0	0	0	0	0	0	0	0	0	0	0
/input/pagecontent/profiles.md	3191	-	-	-	0	0	0	0	0	0	0	0	0	0	0	0	0	0	0	0	0	0	0	0	0	0	0	0
/input/pagecontent/valuesets.md	3149	-	-	-	0	0	0	0	0	0	0	0	0	0	0	0	0	0	0	0	0	0	0	0	0	0	0	0
/input/pagecontent/extensions.md	1352	-	-	-	0	0	0	0	0	0	0	0	0	0	0	0	0	0	0	0	0	1	0	0	0	0	0	0
/input/pagecontent/downloads.md	527	-	-	-	0	0	0	0	0	0	0	0	0	0	0	0	0	0	0	0	0	0	0	0	0	0	0	0
/input/pagecontent/examples.md	45	-	-	-	0	0	0	0	0	0	0	0	0	0	0	0	0	0	0	0	0	0	0	0	0	0	0	0
/input/pagecontent/codesystems.md	2324	-	-	-	0	0	0	0	0	0	0	0	0	0	0	0	0	0	0	0	0	0	0	0	0	0	0	0
/input/pagecontent/index.md	13696	-	-	-	0	0	0	0	0	0	0	0	0	0	0	0	0	0	0	0	0	1	0	0	0	0	0	0
/template/config	0	-	-	-	0	0	0	0	0	0	0	0	0	0	0	0	0	0	0	0	0	0	0	0	0	0	0	0
/template/config/_config.yml	140	-	-	-	0	0	0	0	0	0	0	0	0	0	0	0	0	0	0	0	0	0	0	0	0	0	0	0
/input/images	0	-	-	-	0	0	0	0	0	0	0	0	0	0	0	0	0	0	0	0	0	0	0	0	0	0	0	0
/input/images/awmf-ig-0.2.0-class-diagram.png	239440	-	-	-	0	0	0	0	0	0	0	0	0	0	0	0	0	0	0	0	0	0	0	0	0	0	0	0
/input/images/awmf-ig-klassendiagramm-v0.png	186508	-	-	-	0	0	0	0	0	0	0	0	0	0	0	0	0	0	0	0	0	0	0	0	0	0	0	0
/input/images/Dissolve-E-Logo.png	203019	-	-	-	0	0	0	0	0	0	0	0	0	0	0	0	0	0	0	0	0	1	0	0	0	0	0	0
/temp/pages/_includes/artifacts.xml	120571	-	-	-	-	-	-	-	-	-	-	-	-	-	-	-	-	-	-	-	-	2	0	0	0	0	0	0
