<?xml version="1.0" encoding="UTF-8"?>

<ArtifactAssessment xmlns="http://hl7.org/fhir">
  <id value="RecommendationCognitiveTestsWhenSuspectingDementia-Justification"/>
  <meta>
    <profile value="http://fhir.awmf.org/awmf.ig/StructureDefinition/recommendation-justification-awmf"/>
  </meta>
  <text>
    <status value="generated"/><div xmlns="http://www.w3.org/1999/xhtml" dir="ltr">Justification for Recommendation Cognitive Tests When Suspecting Dementia</div>
  </text>
  <artifactReference>
    <reference value="Composition/RecommendationCognitiveTestsWhenSuspectingDementia"/>
  </artifactReference>
  <content>
    <type>
      <coding>
        <system value="https://fevir.net/resources/CodeSystem/179423"/>
        <code value="recommendation-rating"/>
        <display value="Recommendation Rating"/>
      </coding>
    </type>
    <component>
      <type>
        <coding>
          <system value="https://fevir.net/resources/CodeSystem/179423"/>
          <code value="strength-of-recommendation"/>
          <display value="Strength of Recommendation"/>
        </coding>
      </type>
      <classifier>
        <coding>
          <system value="http://fhir.awmf.org/awmf.ig/CodeSystem/cs-recommendation-strength-awmf"/>
          <code value="A"/>
          <display value="Strong Recommendation"/>
        </coding>
      </classifier>
    </component>
    <component>
      <type>
        <coding>
          <system value="https://fevir.net/resources/CodeSystem/179423"/>
          <code value="direction-of-recommendation"/>
          <display value="Direction of Recommendation"/>
        </coding>
      </type>
      <classifier>
        <coding>
          <system value="http://fhir.awmf.org/awmf.ig/CodeSystem/cs-recommendation-direction"/>
          <code value="for"/>
          <display value="For"/>
        </coding>
      </classifier>
    </component>
    <component>
      <type>
        <coding>
          <system value="http://fhir.awmf.org/awmf.ig/CodeSystem/cs-awmf"/>
          <code value="level-of-consensus"/>
        </coding>
      </type>
      <classifier>
        <coding>
          <system value="http://fhir.awmf.org/awmf.ig/CodeSystem/cs-level-of-consensus"/>
          <code value="strong-consensus"/>
          <display value="Strong consensus"/>
        </coding>
      </classifier>
    </component>
    <component>
      <type>
        <coding>
          <system value="https://fevir.net/resources/CodeSystem/179423"/>
          <code value="rating-system"/>
          <display value="Rating System"/>
        </coding>
      </type>
      <classifier>
        <coding>
          <system value="http://hl7.org/fhir/uv/ebm/CodeSystem/evidence-rating-system-classifier-codesystem"/>
          <code value="AWMF"/>
        </coding>
      </classifier>
    </component>
  </content>
  <content>
    <type>
      <coding>
        <system value="http://fhir.awmf.org/awmf.ig/CodeSystem/cs-awmf"/>
        <code value="evidence-rating"/>
        <display value="Evidence Rating"/>
      </coding>
    </type>
    <component>
      <type>
        <coding>
          <system value="http://hl7.org/fhir/certainty-type"/>
          <code value="Overall"/>
          <display value="Overall certainty"/>
        </coding>
      </type>
      <classifier>
        <coding>
          <system value="http://terminology.hl7.org/CodeSystem/certainty-rating"/>
          <code value="very-low"/>
          <display value="Very low quality"/>
        </coding>
      </classifier>
    </component>
    <component>
      <type>
        <coding>
          <system value="http://fhir.awmf.org/awmf.ig/CodeSystem/cs-awmf"/>
          <code value="overall-quality-of-evidence"/>
          <display value="Overall Quality of Evidence"/>
        </coding>
      </type>
      <relatesTo>
        <type value="justification"/>
        <targetReference>
          <reference value="ArtifactAssessment/RoB-CognitiveTestsWhenSuspectingDementia-Sensitivity"/>
        </targetReference>
      </relatesTo>
    </component>
  </content>
  <content>
    <type>
      <coding>
        <system value="http://fhir.awmf.org/awmf.ig/CodeSystem/cs-awmf"/>
        <code value="evidence-rating"/>
        <display value="Evidence Rating"/>
      </coding>
    </type>
    <component>
      <type>
        <coding>
          <system value="http://hl7.org/fhir/certainty-type"/>
          <code value="Overall"/>
          <display value="Overall certainty"/>
        </coding>
      </type>
      <classifier>
        <coding>
          <system value="http://terminology.hl7.org/CodeSystem/certainty-rating"/>
          <code value="very-low"/>
          <display value="Very low quality"/>
        </coding>
      </classifier>
    </component>
    <component>
      <type>
        <coding>
          <system value="http://fhir.awmf.org/awmf.ig/CodeSystem/cs-awmf"/>
          <code value="overall-quality-of-evidence"/>
          <display value="Overall Quality of Evidence"/>
        </coding>
      </type>
      <relatesTo>
        <type value="justification"/>
        <targetReference>
          <reference value="ArtifactAssessment/RoB-CognitiveTestsWhenSuspectingDementia-Specificity"/>
        </targetReference>
      </relatesTo>
    </component>
  </content>
  <workflowStatus value="applied"/>
</ArtifactAssessment>