<?xml version="1.0" encoding="UTF-8"?>

<Composition xmlns="http://hl7.org/fhir">
  <id value="RR-TestInvLeadingAuthorRefOrganization-SHOULD-PASS"/>
  <meta>
    <profile value="http://fhir.awmf.org/awmf.ig/StructureDefinition/guideline-registry-record"/>
  </meta>
  <text>
    <status value="generated"/><div xmlns="http://www.w3.org/1999/xhtml"><p class="res-header-id"><b>Generated Narrative: Composition RR-TestInvLeadingAuthorRefOrganization-SHOULD-PASS</b></p><a name="RR-TestInvLeadingAuthorRefOrganization-SHOULD-PASS"> </a><a name="hcRR-TestInvLeadingAuthorRefOrganization-SHOULD-PASS"> </a><div style="display: inline-block; background-color: #d9e0e7; padding: 6px; margin: 4px; border: 1px solid #8da1b4; border-radius: 5px; line-height: 60%"><p style="margin-bottom: 0px"/><p style="margin-bottom: 0px">Profile: <a href="StructureDefinition-guideline-registry-record.html">Guideline Registry Record</a></p></div><p><b>identifier</b>: <code>http://fhir.awmf.org/guidelines</code>/888-003 (use: official, )</p><p><b>version</b>: 1.0</p><p><b>status</b>: Final</p><p><b>type</b>: <span title="Codes:{http://fhir.awmf.org/awmf.ig/CodeSystem/cs-awmf guideline-registry-record}">Guideline Registry Record</span></p><p><b>date</b>: 2025-06-17</p><p><b>author</b>: </p><ul><li><a href="Organization-DGAI.html">Organization Deutsche Gesellschaft für Anästhesiologie und Intensivmedizin e.V. (DGAI)</a></li><li><a href="Organization-DGCH.html">Organization Deutsche Gesellschaft für Chirurgie e.V. (DGCH)</a></li></ul><p><b>title</b>: Leading Author Organization Pass</p></div>
  </text>
  <identifier>
    <use value="official"/>
    <system value="http://fhir.awmf.org/guidelines"/>
    <value value="888-003"/>
  </identifier>
  <version value="1.0"/>
  <status value="final"/>
  <type>
    <coding>
      <system value="http://fhir.awmf.org/awmf.ig/CodeSystem/cs-awmf"/>
      <code value="guideline-registry-record"/>
      <display value="Guideline Registry Record"/>
    </coding>
  </type>
  <date value="2025-06-17"/>
  <author>
    <extension url="http://fhir.awmf.org/awmf.ig/StructureDefinition/ext-guideline-author-role">
      <valueCodeableConcept>
        <coding>
          <system value="http://fhir.awmf.org/awmf.ig/CodeSystem/cs-guideline-author-role"/>
          <code value="leading"/>
        </coding>
      </valueCodeableConcept>
    </extension>
    <reference value="Organization/DGAI"/>
  </author>
  <author>
    <extension url="http://fhir.awmf.org/awmf.ig/StructureDefinition/ext-guideline-author-role">
      <valueCodeableConcept>
        <coding>
          <system value="http://fhir.awmf.org/awmf.ig/CodeSystem/cs-guideline-author-role"/>
          <code value="registrant"/>
        </coding>
      </valueCodeableConcept>
    </extension>
    <reference value="Organization/DGCH"/>
  </author>
  <title value="Leading Author Organization Pass"/>
</Composition>