<?xml version="1.0" encoding="UTF-8"?>

<Composition xmlns="http://hl7.org/fhir">
  <id value="RecommendationHAPDiagnosis-A"/>
  <meta>
    <profile value="http://fhir.awmf.org/awmf.ig/StructureDefinition/recommendation"/>
  </meta>
  <text>
    <status value="generated"/><div xmlns="http://www.w3.org/1999/xhtml" dir="ltr">HAP Diagnose - Empfehlung A</div>
  </text>
  <identifier>
    <use value="official"/>
    <system value="http://fhir.awmf.org/examples"/>
    <value value="RecommendationHAPDiagnosis-A"/>
  </identifier>
  <version value="3.0"/>
  <status value="final"/>
  <type>
    <coding>
      <system value="https://fevir.net/resources/CodeSystem/179423"/>
      <code value="Recommendation"/>
      <display value="Recommendation"/>
    </coding>
  </type>
  <category>
    <coding>
      <system value="http://fhir.awmf.org/awmf.ig/CodeSystem/cs-recommendation-synthesis-type"/>
      <code value="expert-consensus"/>
    </coding>
  </category>
  <date value="2024-12-05"/>
  <author>
    <reference value="PractitionerRole/JessicaRademacherDGPFor020-013"/>
  </author>
  <title value="HAP Diagnose"/>
  <relatesTo>
    <type value="part-of"/>
    <targetCanonical value="http://fhir.awmf.org/awmf.ig/Composition/NosokomialePneumonie|3.0"/>
  </relatesTo>
  <relatesTo>
    <type value="part-of"/>
    <targetCanonical value="http://fhir.awmf.org/awmf.ig/Composition/RecommendationHAPDiagnosis|3.0"/>
  </relatesTo>
  <section>
    <code>
      <coding>
        <system value="https://fevir.net/resources/CodeSystem/179423"/>
        <code value="recommendation-statement"/>
        <display value="Recommendation Statement"/>
      </coding>
    </code>
    <section>
      <extension url="http://fhir.awmf.org/awmf.ig/StructureDefinition/ext-section-language">
        <valueCode value="de"/>
      </extension>
      <code>
        <coding>
          <system value="http://fhir.awmf.org/awmf.ig/CodeSystem/cs-guideline-sections"/>
          <code value="language"/>
          <display value="Language"/>
        </coding>
      </code>
      <text>
        <status value="generated"/><div xmlns="http://www.w3.org/1999/xhtml" dir="ltr">Therapierelevant ist bereits die Verdachtsdiagnose einer HAP, diese soll gestellt werden bei neuem, persistierendem oder progredientem Infiltrat in der Thorax-Röntgenaufnahme in Kombination mit 2 von 3 weiteren Kriterien: - Leukozyten &gt; 10 000 oder &lt; 4000 /μl, - Fieber &gt; 38,3 °C, - purulentes Sekret.</div>
      </text>
    </section>
  </section>
</Composition>