<?xml version="1.0" encoding="UTF-8"?>

<Composition xmlns="http://hl7.org/fhir">
  <id value="AWMFGuidelineRecordS2kExample"/>
  <meta>
    <profile value="http://fhir.awmf.org/awmf.ig/StructureDefinition/awmf-guideline-record-s2k"/>
  </meta>
  <text>
    <status value="generated"/><div xmlns="http://www.w3.org/1999/xhtml" dir="ltr">AWMF Guideline S2k Example</div>
  </text>
  <identifier>
    <use value="official"/>
    <system value="http://fhir.awmf.org/guidelines"/>
    <value value="999-997"/>
  </identifier>
  <version value="2.0"/>
  <status value="final"/>
  <type>
    <coding>
      <system value="http://fhir.awmf.org/awmf.ig/CodeSystem/cs-awmf"/>
      <code value="guideline-registry-record"/>
      <display value="Guideline Registry Record"/>
    </coding>
  </type>
  <date value="2025-03-06"/>
  <author>
    <extension url="http://fhir.awmf.org/awmf.ig/StructureDefinition/ext-guideline-author-role">
      <valueCodeableConcept>
        <coding>
          <system value="http://fhir.awmf.org/awmf.ig/CodeSystem/cs-guideline-author-role"/>
          <code value="registrant"/>
        </coding>
      </valueCodeableConcept>
    </extension>
    <reference value="PractitionerRole/GuidelineAuthorRoleExample"/>
  </author>
  <title value="AWMF S2k Example Guideline"/>
</Composition>