<?xml version="1.0" encoding="UTF-8"?>

<DocumentReference xmlns="http://hl7.org/fhir">
  <id value="guideline-attachment-example"/>
  <meta>
    <profile value="http://fhir.awmf.org/awmf.ig/StructureDefinition/guideline-attachment"/>
  </meta>
  <text>
    <status value="generated"/><div xmlns="http://www.w3.org/1999/xhtml" dir="ltr">Guideline Attachment Example</div>
  </text>
  <status value="current"/>
  <type>
    <coding>
      <system value="https://fevir.net/resources/CodeSystem/179423"/>
      <code value="attachments"/>
      <display value="Attachments"/>
    </coding>
  </type>
  <category>
    <coding>
      <system value="http://fhir.awmf.org/awmf.ig/CodeSystem/cs-guideline-sections"/>
      <code value="slide-deck"/>
    </coding>
  </category>
  <category>
    <coding>
      <system value="http://fhir.awmf.org/awmf.ig/CodeSystem/cs-guideline-sections"/>
      <code value="visual-abstract"/>
      <display value="Visual Abstract"/>
    </coding>
  </category>
  <content>
    <attachment>
      <contentType value="application/pdf"/>
      <language value="en"/>
      <title value="Slide Deck"/>
    </attachment>
  </content>
</DocumentReference>