<?xml version="1.0" encoding="UTF-8"?>

<EvidenceVariable xmlns="http://hl7.org/fhir">
  <id value="OutcomeAntibioticDays"/>
  <text>
    <status value="generated"/><div xmlns="http://www.w3.org/1999/xhtml" dir="ltr">Outcome Antibiotic Days</div>
  </text>
  <url value="http://fhir.awmf.org/awmf.ig/EvidenceVariable/OutcomeAntibioticDays"/>
  <version value="0.2.0"/>
  <status value="active"/>
  <date value="2026-01-29T18:27:10+00:00"/>
  <publisher value="AWMF e.V."/>
  <contact>
    <name value="AWMF e.V."/>
    <telecom>
      <system value="url"/>
      <value value="https://www.awmf.org"/>
    </telecom>
  </contact>
</EvidenceVariable>