<?xml version="1.0" encoding="UTF-8"?>

<Organization xmlns="http://hl7.org/fhir">
  <id value="DGIM"/>
  <meta>
    <profile value="http://fhir.awmf.org/awmf.ig/StructureDefinition/awmf-member-organization"/>
  </meta>
  <text>
    <status value="generated"/><div xmlns="http://www.w3.org/1999/xhtml" dir="ltr">Deutsche Gesellschaft für Innere Medizin e.V. (DGIM)</div>
  </text>
  <identifier>
    <system value="http://fhir.awmf.org/association"/>
    <value value="100"/>
  </identifier>
  <type>
    <coding>
      <system value="http://fhir.awmf.org/awmf.ig/CodeSystem/cs-awmf"/>
      <code value="medical-society"/>
    </coding>
  </type>
  <name value="Deutsche Gesellschaft für Innere Medizin e.V. (DGIM)"/>
  <contact>
    <telecom>
      <system value="url"/>
      <value value="https://www.awmf.org/fachgesellschaften/deutsche-gesellschaft-fuer-innere-medizin-e-v-dgim"/>
    </telecom>
  </contact>
  <qualification>
    <code>
      <coding>
        <system value="http://fhir.awmf.org/awmf.ig/CodeSystem/cs-awmf"/>
        <code value="awmf-member-organization"/>
      </coding>
    </code>
  </qualification>
</Organization>