<?xml version="1.0" encoding="UTF-8"?>

<Practitioner xmlns="http://hl7.org/fhir">
  <id value="GuidelineAuthorExample"/>
  <meta>
    <profile value="http://fhir.awmf.org/awmf.ig/StructureDefinition/guideline-author"/>
  </meta>
  <text>
    <status value="generated"/><div xmlns="http://www.w3.org/1999/xhtml" dir="ltr">Guideline Author Example</div>
  </text>
  <name>
    <family value="Smith"/>
    <given value="John"/>
  </name>
  <telecom>
    <system value="phone"/>
    <value value="555-555-5555"/>
  </telecom>
</Practitioner>