<?xml version="1.0" encoding="UTF-8"?>

<Practitioner xmlns="http://hl7.org/fhir">
  <id value="JessicaRademacher"/>
  <meta>
    <profile value="http://fhir.awmf.org/awmf.ig/StructureDefinition/guideline-author"/>
  </meta>
  <text>
    <status value="generated"/><div xmlns="http://www.w3.org/1999/xhtml" dir="ltr">Jessica Rademacher</div>
  </text>
  <name>
    <family value="Rademacher"/>
    <given value="Jessica"/>
    <prefix value="PD Dr. med."/>
  </name>
  <address>
    <use value="work"/>
    <text value="Klinik für Pneumologie und Infektiologie, Medizinische Hochschule Hannover"/>
  </address>
</Practitioner>