<?xml version="1.0" encoding="UTF-8"?><Citation xmlns="http://hl7.org/fhir"><id value="CitationSystematicReviewTsoi2015"/><url value="http://fhir.awmf.org/awmf.ig/Citation/CitationSystematicReviewTsoi2015"/><version value="0.2.0"/><title value="Cognitive Tests to Detect Dementia: A Systematic Review and Meta-analysis."/><status value="active"/><date value="2026-01-29T18:27:10+00:00"/><publisher value="AWMF e.V."/><contact><name value="AWMF e.V."/><telecom><system value="url"/><value value="https://www.awmf.org"/></telecom></contact><copyright value="https://creativecommons.org/licenses/by-nc-sa/4.0/"/><approvalDate value="2015-12-15"/><lastReviewDate value="2025-07-11"/><citedArtifact><identifier><system value="https://pubmed.ncbi.nlm.nih.gov"/><value value="26052687"/></identifier><identifier><system value="https://doi.org"/><value value="10.1001/jamainternmed.2015.2152"/></identifier><identifier><type><text value="pii"/></type><value value="2301149"/></identifier><title><type><coding><system value="http://hl7.org/fhir/title-type"/><code value="primary"/><display value="Primary title"/></coding></type><text value="Cognitive Tests to Detect Dementia: A Systematic Review and Meta-analysis."/></title><publicationForm><publishedIn><type><coding><system value="http://hl7.org/fhir/published-in-type"/><code value="D020492"/><display value="Periodical"/></coding></type><title value="JAMA internal medicine"/><publisherLocation value="United States"/></publishedIn><volume value="175"/><issue value="9"/><articleDate value="2015-09"/><pageString value="1450-8"/></publicationForm><webLocation><classifier><coding><system value="http://hl7.org/fhir/artifact-url-classifier"/><code value="abstract"/><display value="Abstract"/></coding></classifier><url value="https://pubmed.ncbi.nlm.nih.gov/26052687/"/></webLocation><webLocation><classifier><coding><system value="http://hl7.org/fhir/artifact-url-classifier"/><code value="doi-based"/><display value="DOI Based"/></coding></classifier><url value="https://doi.org/10.1001/jamainternmed.2015.2152"/></webLocation><contributorship><complete value="true"/><entry><contributor><reference value="Practitioner/contributor0"/><type value="Practitioner"/><display value="Tsoi KK"/></contributor><forenameInitials value="KK"/><affiliation><display value="School of Public Health and Primary Care, The Chinese University of Hong Kong, Shatin2Stanley Ho Big Data Decision Analytics Research Centre, The Chinese University of Hong Kong, Shatin."/></affiliation></entry><entry><contributor><reference value="Practitioner/contributor1"/><type value="Practitioner"/><display value="Chan JY"/></contributor><forenameInitials value="JY"/><affiliation><display value="School of Public Health and Primary Care, The Chinese University of Hong Kong, Shatin."/></affiliation></entry><entry><contributor><reference value="Practitioner/contributor2"/><type value="Practitioner"/><display value="Hirai HW"/></contributor><forenameInitials value="HW"/><affiliation><display value="School of Public Health and Primary Care, The Chinese University of Hong Kong, Shatin2Stanley Ho Big Data Decision Analytics Research Centre, The Chinese University of Hong Kong, Shatin."/></affiliation></entry><entry><contributor><reference value="Practitioner/contributor3"/><type value="Practitioner"/><display value="Wong SY"/></contributor><forenameInitials value="SY"/><affiliation><display value="School of Public Health and Primary Care, The Chinese University of Hong Kong, Shatin."/></affiliation></entry><entry><contributor><reference value="Practitioner/contributor4"/><type value="Practitioner"/><display value="Kwok TC"/></contributor><forenameInitials value="TC"/><affiliation><display value="Department of Medicine and Therapeutics, The Chinese University of Hong Kong, Shatin."/></affiliation></entry></contributorship></citedArtifact></Citation>