<?xml version="1.0" encoding="UTF-8"?><CodeSystem xmlns="http://hl7.org/fhir"><id value="cs-evidence-to-decision-certainty-type"/><text><status value="generated"/><div xmlns="http://www.w3.org/1999/xhtml"><p class="res-header-id"><b>Generated Narrative: CodeSystem cs-evidence-to-decision-certainty-type</b></p><a name="cs-evidence-to-decision-certainty-type"> </a><a name="hccs-evidence-to-decision-certainty-type"> </a><p>This case-insensitive code system <code>http://fhir.awmf.org/awmf.ig/CodeSystem/cs-evidence-to-decision-certainty-type</code> defines the following codes:</p><table class="codes"><tr><td style="white-space:nowrap"><b>Code</b></td><td><b>Display</b></td><td><b>Definition</b></td><td><b>Deutsch (German, de)</b></td></tr><tr><td style="white-space:nowrap">benefits-and-harms<a name="cs-evidence-to-decision-certainty-type-benefits-and-harms"> </a></td><td>Benefits and Harms</td><td>Summary of most important benefits and harms</td><td>Nutzen und Schaden</td></tr><tr><td style="white-space:nowrap">preference-and-values<a name="cs-evidence-to-decision-certainty-type-preference-and-values"> </a></td><td>Preference and values</td><td>Typical patient preferences and values? Common issues or expected variability?</td><td>Wertvorstellungen und Präferenzen</td></tr><tr><td style="white-space:nowrap">resources<a name="cs-evidence-to-decision-certainty-type-resources"> </a></td><td>Resources</td><td>Issues with costs or resource use? For whom? Cost-benefit analysis? Implementation or other issues?</td><td>Ressourcen</td></tr><tr><td style="white-space:nowrap">equity<a name="cs-evidence-to-decision-certainty-type-equity"> </a></td><td>Equity</td><td>How do the different alternatives affect equity?</td><td>Gerechtigkeit</td></tr><tr><td style="white-space:nowrap">acceptability<a name="cs-evidence-to-decision-certainty-type-acceptability"> </a></td><td>Acceptability</td><td>Are the alternatives acceptable for the target population and its implementors?</td><td>Akzeptanz</td></tr><tr><td style="white-space:nowrap">feasibility<a name="cs-evidence-to-decision-certainty-type-feasibility"> </a></td><td>Feasibility</td><td>How feasible will it be to implement the different alternatives? Any issues?</td><td>Durchführbarkeit</td></tr></table></div></text><url value="http://fhir.awmf.org/awmf.ig/CodeSystem/cs-evidence-to-decision-certainty-type"/><version value="0.2.0"/><name value="EvidenceToDecisionCertaintyType"/><title value="Evidence To Decision Certainty type"/><status value="active"/><experimental value="false"/><date value="2026-01-29T18:27:10+00:00"/><publisher value="AWMF e.V."/><contact><name value="AWMF e.V."/><telecom><system value="url"/><value value="https://www.awmf.org"/></telecom></contact><description value="CodeSystem defining values to represent the GRADE Evidence to Decision (EtD) Framework Certainty Type"/><caseSensitive value="false"/><content value="complete"/><count value="6"/><concept><code value="benefits-and-harms"/><display value="Benefits and Harms"/><definition value="Summary of most important benefits and harms"><extension url="http://hl7.org/fhir/StructureDefinition/translation"><extension url="lang"><valueCode value="de"/></extension><extension url="content"><valueString value="Zusammenfassung der wichtigsten Nutzen und Schäden."/></extension></extension></definition><designation><language value="de"/><value value="Nutzen und Schaden"/></designation></concept><concept><code value="preference-and-values"/><display value="Preference and values"/><definition value="Typical patient preferences and values? Common issues or expected variability?"><extension url="http://hl7.org/fhir/StructureDefinition/translation"><extension url="lang"><valueCode value="de"/></extension><extension url="content"><valueString value="Typische Wertvorstellungen und Präferenzen der/des Patient*in? Geläufige Probleme oder erwartete Variabilität?"/></extension></extension></definition><designation><language value="de"/><value value="Wertvorstellungen und Präferenzen"/></designation></concept><concept><code value="resources"/><display value="Resources"/><definition value="Issues with costs or resource use? For whom? Cost-benefit analysis? Implementation or other issues?"><extension url="http://hl7.org/fhir/StructureDefinition/translation"><extension url="lang"><valueCode value="de"/></extension><extension url="content"><valueString value="Probleme bezogen auf Kosten oder Ressourcenverbrauch? Für wen? Kosten-Nutzen-Analyse? Umsetzung oder andere Probleme?"/></extension></extension></definition><designation><language value="de"/><value value="Ressourcen"/></designation></concept><concept><code value="equity"/><display value="Equity"/><definition value="How do the different alternatives affect equity?"><extension url="http://hl7.org/fhir/StructureDefinition/translation"><extension url="lang"><valueCode value="de"/></extension><extension url="content"><valueString value="Wie wirken sich die verschiedenen Alternativen auf die Gerechtigkeit aus?"/></extension></extension></definition><designation><language value="de"/><value value="Gerechtigkeit"/></designation></concept><concept><code value="acceptability"/><display value="Acceptability"/><definition value="Are the alternatives acceptable for the target population and its implementors?"><extension url="http://hl7.org/fhir/StructureDefinition/translation"><extension url="lang"><valueCode value="de"/></extension><extension url="content"><valueString value="Sind die Alternativen für die Zielpopulatino und die Durchführenden akzeptabel?"/></extension></extension></definition><designation><language value="de"/><value value="Akzeptanz"/></designation></concept><concept><code value="feasibility"/><display value="Feasibility"/><definition value="How feasible will it be to implement the different alternatives? Any issues?"><extension url="http://hl7.org/fhir/StructureDefinition/translation"><extension url="lang"><valueCode value="de"/></extension><extension url="content"><valueString value="Wie praktikabel ist die Umsetzung der verschiedenen Alternativen? Gibt es Probleme?"/></extension></extension></definition><designation><language value="de"/><value value="Durchführbarkeit"/></designation></concept></CodeSystem>