<?xml version="1.0" encoding="UTF-8"?><CodeSystem xmlns="http://hl7.org/fhir"><id value="cs-clinical-application-type"/><text><status value="generated"/><div xmlns="http://www.w3.org/1999/xhtml"><p class="res-header-id"><b>Generated Narrative: CodeSystem cs-clinical-application-type</b></p><a name="cs-clinical-application-type"> </a><a name="hccs-clinical-application-type"> </a><p>This case-insensitive code system <code>http://fhir.awmf.org/awmf.ig/CodeSystem/cs-clinical-application-type</code> defines the following codes:</p><table class="codes"><tr><td style="white-space:nowrap"><b>Code</b></td><td><b>Display</b></td><td><b>Definition</b></td><td><b>Deutsch (German, de)</b></td></tr><tr><td style="white-space:nowrap">diagnostic<a name="cs-clinical-application-type-diagnostic"> </a></td><td>Diagnostic</td><td>Diagnostic</td><td>Diagnostisch</td></tr><tr><td style="white-space:nowrap">therapeutic<a name="cs-clinical-application-type-therapeutic"> </a></td><td>Therapeutic</td><td>Therapeutic</td><td>Therapeutisch</td></tr><tr><td style="white-space:nowrap">prognostic<a name="cs-clinical-application-type-prognostic"> </a></td><td>Prognostic</td><td>Prognostic</td><td>Prognostisch</td></tr><tr><td style="white-space:nowrap">monitoring<a name="cs-clinical-application-type-monitoring"> </a></td><td>Monitoring</td><td>Monitoring</td><td>Monitoring</td></tr><tr><td style="white-space:nowrap">screening<a name="cs-clinical-application-type-screening"> </a></td><td>Screening</td><td>Screening</td><td>Screening</td></tr><tr><td style="white-space:nowrap">preventive<a name="cs-clinical-application-type-preventive"> </a></td><td>Preventive</td><td>Preventive</td><td>Präventiv</td></tr></table></div></text><url value="http://fhir.awmf.org/awmf.ig/CodeSystem/cs-clinical-application-type"/><version value="0.2.0"/><name value="ClinicalApplicationTypeCS"/><title value="Clinical Application Type"/><status value="active"/><experimental value="false"/><date value="2026-01-29T18:27:10+00:00"/><publisher value="AWMF e.V."/><contact><name value="AWMF e.V."/><telecom><system value="url"/><value value="https://www.awmf.org"/></telecom></contact><description value="CodeSystem defining different clinical application types"/><caseSensitive value="false"/><content value="complete"/><count value="6"/><concept><code value="diagnostic"/><display value="Diagnostic"/><definition value="Diagnostic"><extension url="http://hl7.org/fhir/StructureDefinition/translation"><extension url="lang"><valueCode value="de"/></extension><extension url="content"><valueString value="Diagnostisch"/></extension></extension></definition><designation><language value="de"/><value value="Diagnostisch"/></designation><designation><use><system value="http://terminology.hl7.org/CodeSystem/hl7TermMaintInfra"/><code value="preferredForLanguage"/></use><value value="Diagnostic"/></designation></concept><concept><code value="therapeutic"/><display value="Therapeutic"/><definition value="Therapeutic"><extension url="http://hl7.org/fhir/StructureDefinition/translation"><extension url="lang"><valueCode value="de"/></extension><extension url="content"><valueString value="Therapeutisch"/></extension></extension></definition><designation><language value="de"/><value value="Therapeutisch"/></designation><designation><use><system value="http://terminology.hl7.org/CodeSystem/hl7TermMaintInfra"/><code value="preferredForLanguage"/></use><value value="Therapeutic"/></designation></concept><concept><code value="prognostic"/><display value="Prognostic"/><definition value="Prognostic"><extension url="http://hl7.org/fhir/StructureDefinition/translation"><extension url="lang"><valueCode value="de"/></extension><extension url="content"><valueString value="Prognostisch"/></extension></extension></definition><designation><language value="de"/><value value="Prognostisch"/></designation><designation><use><system value="http://terminology.hl7.org/CodeSystem/hl7TermMaintInfra"/><code value="preferredForLanguage"/></use><value value="Prognostic"/></designation></concept><concept><code value="monitoring"/><display value="Monitoring"/><definition value="Monitoring"><extension url="http://hl7.org/fhir/StructureDefinition/translation"><extension url="lang"><valueCode value="de"/></extension><extension url="content"><valueString value="Monitoring"/></extension></extension></definition><designation><language value="de"/><value value="Monitoring"/></designation><designation><use><system value="http://terminology.hl7.org/CodeSystem/hl7TermMaintInfra"/><code value="preferredForLanguage"/></use><value value="Monitoring"/></designation></concept><concept><code value="screening"/><display value="Screening"/><definition value="Screening"><extension url="http://hl7.org/fhir/StructureDefinition/translation"><extension url="lang"><valueCode value="de"/></extension><extension url="content"><valueString value="Screening"/></extension></extension></definition><designation><language value="de"/><value value="Screening"/></designation><designation><use><system value="http://terminology.hl7.org/CodeSystem/hl7TermMaintInfra"/><code value="preferredForLanguage"/></use><value value="Screening"/></designation></concept><concept><code value="preventive"/><display value="Preventive"/><definition value="Preventive"><extension url="http://hl7.org/fhir/StructureDefinition/translation"><extension url="lang"><valueCode value="de"/></extension><extension url="content"><valueString value="Präventiv"/></extension></extension></definition><designation><language value="de"/><value value="Präventiv"/></designation><designation><use><system value="http://terminology.hl7.org/CodeSystem/hl7TermMaintInfra"/><code value="preferredForLanguage"/></use><value value="Preventive"/></designation></concept></CodeSystem>