<?xml version="1.0" encoding="UTF-8"?><CodeSystem xmlns="http://hl7.org/fhir"><id value="cs-agree-ii-domains"/><text><status value="generated"/><div xmlns="http://www.w3.org/1999/xhtml"><p class="res-header-id"><b>Generated Narrative: CodeSystem cs-agree-ii-domains</b></p><a name="cs-agree-ii-domains"> </a><a name="hccs-agree-ii-domains"> </a><p>This case-insensitive code system <code>http://fhir.awmf.org/awmf.ig/CodeSystem/cs-agree-ii-domains</code> defines the following codes:</p><table class="codes"><tr><td style="white-space:nowrap"><b>Code</b></td><td><b>Display</b></td><td><b>Definition</b></td><td><b>Deutsch (German, de)</b></td></tr><tr><td style="white-space:nowrap">scope_and_purpose<a name="cs-agree-ii-domains-scope_and_purpose"> </a></td><td>Scope and Purpose</td><td>Concerns the overall aim of the guideline, the specific health questions, and the target population.</td><td>Geltungsbereich und Zweck</td></tr><tr><td style="white-space:nowrap">stakeholder_involvement<a name="cs-agree-ii-domains-stakeholder_involvement"> </a></td><td>Stakeholder Involvement</td><td>Focuses on the extent to which the guideline was developed by the appropriate stakeholders and represents the views of its intended users.</td><td>Beteiligung von Interessengruppen</td></tr><tr><td style="white-space:nowrap">rigour_of_development<a name="cs-agree-ii-domains-rigour_of_development"> </a></td><td>Rigour of Development</td><td>Relates to the process used to gather and synthesize the evidence, the methods to formulate the recommendations, and to update them.</td><td>Genauigkeit der Leitlinienentwicklung</td></tr><tr><td style="white-space:nowrap">clarity_of_presentation<a name="cs-agree-ii-domains-clarity_of_presentation"> </a></td><td>Clarity of Presentation</td><td>Deals with the language, structure, and format of the guideline.</td><td>Klarheit der Gestaltung</td></tr><tr><td style="white-space:nowrap">applicability<a name="cs-agree-ii-domains-applicability"> </a></td><td>Applicability</td><td>Pertains to the likely barriers and facilitators to implementation, strategies to improve uptake, and resource implications of applying the guideline.</td><td>Anwendbarkeit</td></tr><tr><td style="white-space:nowrap">editorial_independence<a name="cs-agree-ii-domains-editorial_independence"> </a></td><td>Editorial Independence</td><td>Is concerned with the formulation of recommendations not being unduly biased with competing interests.</td><td>Redaktionelle Unabhängigkeit</td></tr></table></div></text><url value="http://fhir.awmf.org/awmf.ig/CodeSystem/cs-agree-ii-domains"/><version value="0.2.0"/><name value="AGREEIIDomains"/><title value="AGREE II Domains"/><status value="active"/><experimental value="false"/><date value="2026-01-29T18:27:10+00:00"/><publisher value="AWMF e.V."/><contact><name value="AWMF e.V."/><telecom><system value="url"/><value value="https://www.awmf.org"/></telecom></contact><description value="CodeSystem representing the domains assessed by the AGREE II instrument for evaluating the quality of clinical practice guidelines."/><caseSensitive value="false"/><content value="complete"/><count value="6"/><concept><code value="scope_and_purpose"/><display value="Scope and Purpose"/><definition value="Concerns the overall aim of the guideline, the specific health questions, and the target population."><extension url="http://hl7.org/fhir/StructureDefinition/translation"><extension url="lang"><valueCode value="de"/></extension><extension url="content"><valueString value="Bezieht sich auf das Gesamtziel einer Leitlinie, die in der Leitlinie behandelten gesundheitsrelevanten Fragen und die Zielpopulation der Leitlinie."/></extension></extension></definition><designation><language value="de"/><value value="Geltungsbereich und Zweck"/></designation><designation><use><system value="http://terminology.hl7.org/CodeSystem/hl7TermMaintInfra"/><code value="preferredForLanguage"/></use><value value="Scope and Purpose"/></designation></concept><concept><code value="stakeholder_involvement"/><display value="Stakeholder Involvement"/><definition value="Focuses on the extent to which the guideline was developed by the appropriate stakeholders and represents the views of its intended users."><extension url="http://hl7.org/fhir/StructureDefinition/translation"><extension url="lang"><valueCode value="de"/></extension><extension url="content"><valueString value="Fragt, inwieweit alle relevanten Berufsgruppen an der Erstellung der Leitlinie beteiligt waren und diese die Ansichten der Anwenderzielgruppe repräsentieren."/></extension></extension></definition><designation><language value="de"/><value value="Beteiligung von Interessengruppen"/></designation><designation><use><system value="http://terminology.hl7.org/CodeSystem/hl7TermMaintInfra"/><code value="preferredForLanguage"/></use><value value="Stakeholder Involvement"/></designation></concept><concept><code value="rigour_of_development"/><display value="Rigour of Development"/><definition value="Relates to the process used to gather and synthesize the evidence, the methods to formulate the recommendations, and to update them."><extension url="http://hl7.org/fhir/StructureDefinition/translation"><extension url="lang"><valueCode value="de"/></extension><extension url="content"><valueString value="Bezieht sich auf das Verfahren, mit dem die Evidenz gesucht und zusammengefasst wurde, sowie auf die Methoden zur Formulierung und zur Aktualisierung der Empfehlungen"/></extension></extension></definition><designation><language value="de"/><value value="Genauigkeit der Leitlinienentwicklung"/></designation><designation><use><system value="http://terminology.hl7.org/CodeSystem/hl7TermMaintInfra"/><code value="preferredForLanguage"/></use><value value="Rigour of Development"/></designation></concept><concept><code value="clarity_of_presentation"/><display value="Clarity of Presentation"/><definition value="Deals with the language, structure, and format of the guideline."><extension url="http://hl7.org/fhir/StructureDefinition/translation"><extension url="lang"><valueCode value="de"/></extension><extension url="content"><valueString value="Befasst sich mit der Sprache, der Struktur und dem Format der Leitlinie"/></extension></extension></definition><designation><language value="de"/><value value="Klarheit der Gestaltung"/></designation><designation><use><system value="http://terminology.hl7.org/CodeSystem/hl7TermMaintInfra"/><code value="preferredForLanguage"/></use><value value="Clarity of Presentation"/></designation></concept><concept><code value="applicability"/><display value="Applicability"/><definition value="Pertains to the likely barriers and facilitators to implementation, strategies to improve uptake, and resource implications of applying the guideline."><extension url="http://hl7.org/fhir/StructureDefinition/translation"><extension url="lang"><valueCode value="de"/></extension><extension url="content"><valueString value="Betrifft mögliche förderliche und hinderliche Faktoren für die Anwendung der Leitlinie, Strategien zur Förderung der Leitlinienanwendung und Auswirkungen der Anwendung der Leitlinie auf den Ressourcenverbrauch"/></extension></extension></definition><designation><language value="de"/><value value="Anwendbarkeit"/></designation><designation><use><system value="http://terminology.hl7.org/CodeSystem/hl7TermMaintInfra"/><code value="preferredForLanguage"/></use><value value="Applicability"/></designation></concept><concept><code value="editorial_independence"/><display value="Editorial Independence"/><definition value="Is concerned with the formulation of recommendations not being unduly biased with competing interests."><extension url="http://hl7.org/fhir/StructureDefinition/translation"><extension url="lang"><valueCode value="de"/></extension><extension url="content"><valueString value="Befasst sich mit dem Einfluss möglicher Interessenkonflikte auf die Formulierung der Empfehlungen."/></extension></extension></definition><designation><language value="de"/><value value="Redaktionelle Unabhängigkeit"/></designation><designation><use><system value="http://terminology.hl7.org/CodeSystem/hl7TermMaintInfra"/><code value="preferredForLanguage"/></use><value value="Editorial Independence"/></designation></concept></CodeSystem>