<?xml version="1.0" encoding="UTF-8"?><PlanDefinition xmlns="http://hl7.org/fhir"><id value="Recommendation-PlanDefinition-example"/><url value="http://fhir.awmf.org/awmf.ig/PlanDefinition/Recommendation-PlanDefinition-example"/><version value="0.2.0"/><status value="draft"/><date value="2026-01-29T18:27:10+00:00"/><publisher value="AWMF e.V."/><contact><name value="AWMF e.V."/><telecom><system value="url"/><value value="https://www.awmf.org"/></telecom></contact><action id="diagnose"><title value="Recommendation 1"/><description value="Mach Diagnose"/><relatedAction><targetId value="therapie"/><relationship value="after"/></relatedAction></action><action id="therapie"><title value="Recommendation 2"/><description value="Mach Therapie"/><relatedAction><targetId value="diagnose"/><relationship value="before"/></relatedAction></action></PlanDefinition>