<?xml version="1.0" encoding="UTF-8"?><ValueSet xmlns="http://hl7.org/fhir"><id value="vs-amstar2-confidence-ratings"/><text><status value="generated"/><div xmlns="http://www.w3.org/1999/xhtml"><p class="res-header-id"><b>Generated Narrative: ValueSet vs-amstar2-confidence-ratings</b></p><a name="vs-amstar2-confidence-ratings"> </a><a name="hcvs-amstar2-confidence-ratings"> </a><ul><li>Include all codes defined in <a href="CodeSystem-cs-amstar2-confidence-ratings.html"><code>http://fhir.awmf.org/awmf.ig/CodeSystem/cs-amstar2-confidence-ratings</code></a><span title="Version is not explicitly stated, which means it is fixed to the version provided in this specification"> version 📦0.2.0</span></li></ul></div></text><url value="http://fhir.awmf.org/awmf.ig/ValueSet/vs-amstar2-confidence-ratings"/><version value="0.2.0"/><name value="AMSTAR2ConfidenceRatingsVS"/><title value="AMSTAR 2 Confidence Ratings Value Set"/><status value="active"/><date value="2026-01-29T18:27:10+00:00"/><publisher value="AWMF e.V."/><contact><name value="AWMF e.V."/><telecom><system value="url"/><value value="https://www.awmf.org"/></telecom></contact><description value="ValueSet encompassing all overall confidence ratings from the AMSTAR 2 critical appraisal tool."/><compose><include><system value="http://fhir.awmf.org/awmf.ig/CodeSystem/cs-amstar2-confidence-ratings"/></include></compose></ValueSet>