<?xml version="1.0" encoding="UTF-8"?><ValueSet xmlns="http://hl7.org/fhir"><id value="vs-rating-certainty-of-evidence"/><text><status value="extensions"/><div xmlns="http://www.w3.org/1999/xhtml"><p class="res-header-id"><b>Generated Narrative: ValueSet vs-rating-certainty-of-evidence</b></p><a name="vs-rating-certainty-of-evidence"> </a><a name="hcvs-rating-certainty-of-evidence"> </a><ul><li>Include these codes as defined in <a href="http://terminology.hl7.org/7.0.1/CodeSystem-certainty-rating.html"><code>http://terminology.hl7.org/CodeSystem/certainty-rating</code></a><span title="Version is not explicitly stated, which means it is fixed to 2.0.0, the version found through the package references"> version 📦2.0.0</span><table class="none"><tr><td style="white-space:nowrap"><b>Code</b></td><td><b>Display</b></td><td><b>Definition</b></td></tr><tr><td><a href="http://terminology.hl7.org/7.0.1/CodeSystem-certainty-rating.html#certainty-rating-high">high</a></td><td>High quality</td><td>High quality evidence.</td></tr><tr><td><a href="http://terminology.hl7.org/7.0.1/CodeSystem-certainty-rating.html#certainty-rating-moderate">moderate</a></td><td>Moderate quality</td><td>Moderate quality evidence.</td></tr><tr><td><a href="http://terminology.hl7.org/7.0.1/CodeSystem-certainty-rating.html#certainty-rating-low">low</a></td><td>Low quality</td><td>Low quality evidence.</td></tr><tr><td><a href="http://terminology.hl7.org/7.0.1/CodeSystem-certainty-rating.html#certainty-rating-very-low">very-low</a></td><td>Very low quality</td><td>Very low quality evidence.</td></tr></table></li></ul></div></text><url value="http://fhir.awmf.org/awmf.ig/ValueSet/vs-rating-certainty-of-evidence"/><version value="0.2.0"/><name value="RatingCertaintyofEvidence"/><title value="Rating Certainty Of Evidence"/><status value="draft"/><date value="2026-01-29T18:27:10+00:00"/><publisher value="AWMF e.V."/><contact><name value="AWMF e.V."/><telecom><system value="url"/><value value="https://www.awmf.org"/></telecom></contact><description value="Codes from EvidenceCertaintyRating related to certainty of evidence"/><compose><include><system value="http://terminology.hl7.org/CodeSystem/certainty-rating"/><concept><code value="high"/><display value="High quality"/></concept><concept><code value="moderate"/><display value="Moderate quality"/></concept><concept><code value="low"/><display value="Low quality"/></concept><concept><code value="very-low"/><display value="Very low quality"/></concept></include></compose></ValueSet>