<?xml version="1.0" encoding="UTF-8"?><ValueSet xmlns="http://hl7.org/fhir"><id value="vs-guideline-sections"/><text><status value="generated"/><div xmlns="http://www.w3.org/1999/xhtml"><p class="res-header-id"><b>Generated Narrative: ValueSet vs-guideline-sections</b></p><a name="vs-guideline-sections"> </a><a name="hcvs-guideline-sections"> </a><p>This value set includes codes based on the following rules:</p><ul><li>Include all codes defined in <a href="CodeSystem-cs-guideline-sections.html"><code>http://fhir.awmf.org/awmf.ig/CodeSystem/cs-guideline-sections</code></a><span title="Version is not explicitly stated, which means it is fixed to the version provided in this specification"> version 📦0.2.0</span></li><li>Include all codes defined in <a href="https://build.fhir.org/ig/HL7/ebm/CodeSystem-179423.html"><code>https://fevir.net/resources/CodeSystem/179423</code></a><span title="Version is not explicitly stated, which means it is fixed to 1.0.0-ballot3, the version found through the package references"> version 📦1.0.0-ballot3</span></li></ul></div></text><url value="http://fhir.awmf.org/awmf.ig/ValueSet/vs-guideline-sections"/><version value="0.2.0"/><name value="GuidelineSectionsVS"/><title value="Guideline Sections"/><status value="draft"/><experimental value="false"/><date value="2026-01-29T18:27:10+00:00"/><publisher value="AWMF e.V."/><contact><name value="AWMF e.V."/><telecom><system value="url"/><value value="https://www.awmf.org"/></telecom></contact><description value="ValueSet listing values to use to define guideline sections"/><compose><include><system value="http://fhir.awmf.org/awmf.ig/CodeSystem/cs-guideline-sections"/></include><include><system value="https://fevir.net/resources/CodeSystem/179423"/></include></compose></ValueSet>