<?xml version="1.0" encoding="UTF-8"?><ValueSet xmlns="http://hl7.org/fhir"><id value="vs-agree-ii-domains"/><text><status value="generated"/><div xmlns="http://www.w3.org/1999/xhtml"><p class="res-header-id"><b>Generated Narrative: ValueSet vs-agree-ii-domains</b></p><a name="vs-agree-ii-domains"> </a><a name="hcvs-agree-ii-domains"> </a><ul><li>Include all codes defined in <a href="CodeSystem-cs-agree-ii-domains.html"><code>http://fhir.awmf.org/awmf.ig/CodeSystem/cs-agree-ii-domains</code></a><span title="Version is not explicitly stated, which means it is fixed to the version provided in this specification"> version 📦0.2.0</span></li></ul></div></text><url value="http://fhir.awmf.org/awmf.ig/ValueSet/vs-agree-ii-domains"/><version value="0.2.0"/><name value="AGREEIIDomainsVS"/><title value="AGREE II Domains Value Set"/><status value="active"/><date value="2026-01-29T18:27:10+00:00"/><publisher value="AWMF e.V."/><contact><name value="AWMF e.V."/><telecom><system value="url"/><value value="https://www.awmf.org"/></telecom></contact><description value="ValueSet encompassing all domains from the AGREE II instrument."/><compose><include><system value="http://fhir.awmf.org/awmf.ig/CodeSystem/cs-agree-ii-domains"/></include></compose></ValueSet>