<?xml version="1.0" encoding="UTF-8"?><ValueSet xmlns="http://hl7.org/fhir"><id value="vs-recommendation-review-status"/><text><status value="generated"/><div xmlns="http://www.w3.org/1999/xhtml"><p class="res-header-id"><b>Generated Narrative: ValueSet vs-recommendation-review-status</b></p><a name="vs-recommendation-review-status"> </a><a name="hcvs-recommendation-review-status"> </a><ul><li>Include all codes defined in <a href="CodeSystem-cs-recommendation-review-status.html"><code>http://fhir.awmf.org/awmf.ig/CodeSystem/cs-recommendation-review-status</code></a><span title="Version is not explicitly stated, which means it is fixed to the version provided in this specification"> version 📦0.2.0</span></li></ul></div></text><url value="http://fhir.awmf.org/awmf.ig/ValueSet/vs-recommendation-review-status"/><version value="0.2.0"/><name value="RecommendationReviewStatusVS"/><title value="Recommendation Review Status Value Set"/><status value="draft"/><experimental value="false"/><date value="2026-01-29T18:27:10+00:00"/><publisher value="AWMF e.V."/><contact><name value="AWMF e.V."/><telecom><system value="url"/><value value="https://www.awmf.org"/></telecom></contact><description value="ValueSet representing the review-related status of a recommendation in a new guideline version"/><compose><include><system value="http://fhir.awmf.org/awmf.ig/CodeSystem/cs-recommendation-review-status"/></include></compose></ValueSet>