<?xml version="1.0" encoding="UTF-8"?><ValueSet xmlns="http://hl7.org/fhir"><id value="vs-sign-grade-of-recommendation"/><text><status value="generated"/><div xmlns="http://www.w3.org/1999/xhtml"><p class="res-header-id"><b>Generated Narrative: ValueSet vs-sign-grade-of-recommendation</b></p><a name="vs-sign-grade-of-recommendation"> </a><a name="hcvs-sign-grade-of-recommendation"> </a><ul><li>Include all codes defined in <a href="CodeSystem-cs-sign-grade-of-recommendation.html"><code>http://fhir.awmf.org/awmf.ig/CodeSystem/cs-sign-grade-of-recommendation</code></a><span title="Version is not explicitly stated, which means it is fixed to the version provided in this specification"> version 📦0.2.0</span></li></ul></div></text><url value="http://fhir.awmf.org/awmf.ig/ValueSet/vs-sign-grade-of-recommendation"/><version value="0.2.0"/><name value="SIGNGradeOfRecommendationVS"/><title value="SIGN Grade of Recommendation Value Set"/><status value="draft"/><experimental value="false"/><date value="2026-01-29T18:27:10+00:00"/><publisher value="AWMF e.V."/><contact><name value="AWMF e.V."/><telecom><system value="url"/><value value="https://www.awmf.org"/></telecom></contact><description value="ValueSet encompassing all grades of recommendation from the SIGN (Scottish Intercollegiate Guidelines Network) Grades of Recommendation."/><compose><include><system value="http://fhir.awmf.org/awmf.ig/CodeSystem/cs-sign-grade-of-recommendation"/></include></compose></ValueSet>