<?xml version="1.0" encoding="UTF-8"?><ValueSet xmlns="http://hl7.org/fhir"><id value="vs-rating-equity"/><text><status value="extensions"/><div xmlns="http://www.w3.org/1999/xhtml"><p class="res-header-id"><b>Generated Narrative: ValueSet vs-rating-equity</b></p><a name="vs-rating-equity"> </a><a name="hcvs-rating-equity"> </a><ul><li>Include these codes as defined in <a href="CodeSystem-cs-evidence-to-decision-certainty-rating.html"><code>http://fhir.awmf.org/awmf.ig/CodeSystem/cs-evidence-to-decision-certainty-rating</code></a><span title="Version is not explicitly stated, which means it is fixed to the version provided in this specification"> version 📦0.2.0</span><table class="none"><tr><td style="white-space:nowrap"><b>Code</b></td><td><b>Display</b></td><td><b>Definition</b></td></tr><tr><td><a href="CodeSystem-cs-evidence-to-decision-certainty-rating.html#cs-evidence-to-decision-certainty-rating-factor-not-considered">factor-not-considered</a></td><td>Factor not considered</td><td>Factor not considered</td></tr><tr><td><a href="CodeSystem-cs-evidence-to-decision-certainty-rating.html#cs-evidence-to-decision-certainty-rating-important-issues-or-not-investigated">important-issues-or-not-investigated</a></td><td>Important issues</td><td>Important issues, or potential issues not investigated</td></tr><tr><td><a href="CodeSystem-cs-evidence-to-decision-certainty-rating.html#cs-evidence-to-decision-certainty-rating-no-important-issues">no-important-issues</a></td><td>No important issues</td><td>No important issues with the recommended alternative</td></tr><tr><td><a href="CodeSystem-cs-evidence-to-decision-certainty-rating.html#cs-evidence-to-decision-certainty-rating-intervention-increases-inequity">intervention-increases-inequity</a></td><td>Intervention increases inequity</td><td>Intervention likely increases inequity</td></tr></table></li></ul></div></text><url value="http://fhir.awmf.org/awmf.ig/ValueSet/vs-rating-equity"/><version value="0.2.0"/><name value="RatingEquity"/><title value="Rating Equity"/><status value="draft"/><date value="2026-01-29T18:27:10+00:00"/><publisher value="AWMF e.V."/><contact><name value="AWMF e.V."/><telecom><system value="url"/><value value="https://www.awmf.org"/></telecom></contact><description value="ValueSet listing values to represent how the different alternatives affect equity"/><compose><include><system value="http://fhir.awmf.org/awmf.ig/CodeSystem/cs-evidence-to-decision-certainty-rating"/><concept><code value="factor-not-considered"/><display value="Factor not considered"/></concept><concept><code value="important-issues-or-not-investigated"/><display value="Important issues"/></concept><concept><code value="no-important-issues"/><display value="No important issues"/></concept><concept><code value="intervention-increases-inequity"/><display value="Intervention increases inequity"/></concept></include></compose></ValueSet>