<?xml version="1.0" encoding="UTF-8"?><ValueSet xmlns="http://hl7.org/fhir"><id value="vs-body-system-conditions"/><text><status value="generated"/><div xmlns="http://www.w3.org/1999/xhtml"><p class="res-header-id"><b>Generated Narrative: ValueSet vs-body-system-conditions</b></p><a name="vs-body-system-conditions"> </a><a name="hcvs-body-system-conditions"> </a><ul><li>Include all codes defined in <a href="CodeSystem-cs-body-systems-conditions.html"><code>http://fhir.awmf.org/awmf.ig/CodeSystem/cs-body-systems-conditions</code></a><span title="Version is not explicitly stated, which means it is fixed to the version provided in this specification"> version 📦0.2.0</span></li></ul></div></text><url value="http://fhir.awmf.org/awmf.ig/ValueSet/vs-body-system-conditions"/><version value="0.2.0"/><name value="BodySystemConditionsVS"/><title value="Body System Conditions"/><status value="draft"/><experimental value="false"/><date value="2026-01-29T18:27:10+00:00"/><publisher value="AWMF e.V."/><contact><name value="AWMF e.V."/><telecom><system value="url"/><value value="https://www.awmf.org"/></telecom></contact><description value="ValueSet listing various body system conditions"/><compose><include><system value="http://fhir.awmf.org/awmf.ig/CodeSystem/cs-body-systems-conditions"/></include></compose></ValueSet>