<?xml version="1.0" encoding="UTF-8"?><ValueSet xmlns="http://hl7.org/fhir"><id value="vs-guideline-author-role"/><text><status value="generated"/><div xmlns="http://www.w3.org/1999/xhtml"><p class="res-header-id"><b>Generated Narrative: ValueSet vs-guideline-author-role</b></p><a name="vs-guideline-author-role"> </a><a name="hcvs-guideline-author-role"> </a><ul><li>Include all codes defined in <a href="CodeSystem-cs-guideline-author-role.html"><code>http://fhir.awmf.org/awmf.ig/CodeSystem/cs-guideline-author-role</code></a><span title="Version is not explicitly stated, which means it is fixed to the version provided in this specification"> version 📦0.2.0</span></li></ul></div></text><url value="http://fhir.awmf.org/awmf.ig/ValueSet/vs-guideline-author-role"/><version value="0.2.0"/><name value="GuidelineAuthorRoleVS"/><title value="Guideline Author Role"/><status value="draft"/><experimental value="false"/><date value="2026-01-29T18:27:10+00:00"/><publisher value="AWMF e.V."/><contact><name value="AWMF e.V."/><telecom><system value="url"/><value value="https://www.awmf.org"/></telecom></contact><description value="ValueSet listing roles that a author can have in a guideline."/><compose><include><system value="http://fhir.awmf.org/awmf.ig/CodeSystem/cs-guideline-author-role"/></include></compose></ValueSet>