<?xml version="1.0" encoding="UTF-8"?><ValueSet xmlns="http://hl7.org/fhir"><id value="vs-recommendation-strength-awmf"/><text><status value="generated"/><div xmlns="http://www.w3.org/1999/xhtml"><p class="res-header-id"><b>Generated Narrative: ValueSet vs-recommendation-strength-awmf</b></p><a name="vs-recommendation-strength-awmf"> </a><a name="hcvs-recommendation-strength-awmf"> </a><ul><li>Include all codes defined in <a href="CodeSystem-cs-recommendation-strength-awmf.html"><code>http://fhir.awmf.org/awmf.ig/CodeSystem/cs-recommendation-strength-awmf</code></a><span title="Version is not explicitly stated, which means it is fixed to the version provided in this specification"> version 📦0.2.0</span></li></ul></div></text><url value="http://fhir.awmf.org/awmf.ig/ValueSet/vs-recommendation-strength-awmf"/><version value="0.2.0"/><name value="RecommendationStrengthAWMFVS"/><title value="Recommendation Strength (AWMF) ValueSet"/><status value="draft"/><date value="2026-01-29T18:27:10+00:00"/><publisher value="AWMF e.V."/><contact><name value="AWMF e.V."/><telecom><system value="url"/><value value="https://www.awmf.org"/></telecom></contact><description value="ValueSet of strength of recommendations as defined in AWMF guideline methodology."/><compose><include><system value="http://fhir.awmf.org/awmf.ig/CodeSystem/cs-recommendation-strength-awmf"/></include></compose></ValueSet>