<?xml version="1.0" encoding="UTF-8"?><ValueSet xmlns="http://hl7.org/fhir"><id value="vs-robis-judgment-of-risk-of-bias"/><text><status value="generated"/><div xmlns="http://www.w3.org/1999/xhtml"><p class="res-header-id"><b>Generated Narrative: ValueSet vs-robis-judgment-of-risk-of-bias</b></p><a name="vs-robis-judgment-of-risk-of-bias"> </a><a name="hcvs-robis-judgment-of-risk-of-bias"> </a><ul><li>Include all codes defined in <a href="CodeSystem-cs-robis-judgment-of-risk-of-bias.html"><code>http://fhir.awmf.org/awmf.ig/CodeSystem/cs-robis-judgment-of-risk-of-bias</code></a><span title="Version is not explicitly stated, which means it is fixed to the version provided in this specification"> version 📦0.2.0</span></li></ul></div></text><url value="http://fhir.awmf.org/awmf.ig/ValueSet/vs-robis-judgment-of-risk-of-bias"/><version value="0.2.0"/><name value="ROBISJudgmentOfRiskOfBiasVS"/><title value="ROBIS Judgment of Risk of Bias Value Set"/><status value="active"/><date value="2026-01-29T18:27:10+00:00"/><publisher value="AWMF e.V."/><contact><name value="AWMF e.V."/><telecom><system value="url"/><value value="https://www.awmf.org"/></telecom></contact><description value="ValueSet encompassing all risk of bias judgment values from the ROBIS tool."/><compose><include><system value="http://fhir.awmf.org/awmf.ig/CodeSystem/cs-robis-judgment-of-risk-of-bias"/></include></compose></ValueSet>