{
  "resourceType" : "CodeSystem",
  "id" : "cs-evidence-to-decision-certainty-type",
  "text" : {
    "status" : "generated",
    "div" : "<div xmlns=\"http://www.w3.org/1999/xhtml\"><p class=\"res-header-id\"><b>Generated Narrative: CodeSystem cs-evidence-to-decision-certainty-type</b></p><a name=\"cs-evidence-to-decision-certainty-type\"> </a><a name=\"hccs-evidence-to-decision-certainty-type\"> </a><p>This case-insensitive code system <code>http://fhir.awmf.org/awmf.ig/CodeSystem/cs-evidence-to-decision-certainty-type</code> defines the following codes:</p><table class=\"codes\"><tr><td style=\"white-space:nowrap\"><b>Code</b></td><td><b>Display</b></td><td><b>Definition</b></td><td><b>Deutsch (German, de)</b></td></tr><tr><td style=\"white-space:nowrap\">benefits-and-harms<a name=\"cs-evidence-to-decision-certainty-type-benefits-and-harms\"> </a></td><td>Benefits and Harms</td><td>Summary of most important benefits and harms</td><td>Nutzen und Schaden</td></tr><tr><td style=\"white-space:nowrap\">preference-and-values<a name=\"cs-evidence-to-decision-certainty-type-preference-and-values\"> </a></td><td>Preference and values</td><td>Typical patient preferences and values? Common issues or expected variability?</td><td>Wertvorstellungen und Präferenzen</td></tr><tr><td style=\"white-space:nowrap\">resources<a name=\"cs-evidence-to-decision-certainty-type-resources\"> </a></td><td>Resources</td><td>Issues with costs or resource use? For whom? Cost-benefit analysis? Implementation or other issues?</td><td>Ressourcen</td></tr><tr><td style=\"white-space:nowrap\">equity<a name=\"cs-evidence-to-decision-certainty-type-equity\"> </a></td><td>Equity</td><td>How do the different alternatives affect equity?</td><td>Gerechtigkeit</td></tr><tr><td style=\"white-space:nowrap\">acceptability<a name=\"cs-evidence-to-decision-certainty-type-acceptability\"> </a></td><td>Acceptability</td><td>Are the alternatives acceptable for the target population and its implementors?</td><td>Akzeptanz</td></tr><tr><td style=\"white-space:nowrap\">feasibility<a name=\"cs-evidence-to-decision-certainty-type-feasibility\"> </a></td><td>Feasibility</td><td>How feasible will it be to implement the different alternatives? Any issues?</td><td>Durchführbarkeit</td></tr></table></div>"
  },
  "url" : "http://fhir.awmf.org/awmf.ig/CodeSystem/cs-evidence-to-decision-certainty-type",
  "version" : "0.2.0",
  "name" : "EvidenceToDecisionCertaintyType",
  "title" : "Evidence To Decision Certainty type",
  "status" : "active",
  "experimental" : false,
  "date" : "2026-01-29T18:27:10+00:00",
  "publisher" : "AWMF e.V.",
  "contact" : [{
    "name" : "AWMF e.V.",
    "telecom" : [{
      "system" : "url",
      "value" : "https://www.awmf.org"
    }]
  }],
  "description" : "CodeSystem defining values to represent the GRADE Evidence to Decision (EtD) Framework Certainty Type",
  "caseSensitive" : false,
  "content" : "complete",
  "count" : 6,
  "concept" : [{
    "code" : "benefits-and-harms",
    "display" : "Benefits and Harms",
    "definition" : "Summary of most important benefits and harms",
    "_definition" : {
      "extension" : [{
        "extension" : [{
          "url" : "lang",
          "valueCode" : "de"
        },
        {
          "url" : "content",
          "valueString" : "Zusammenfassung der wichtigsten Nutzen und Schäden."
        }],
        "url" : "http://hl7.org/fhir/StructureDefinition/translation"
      }]
    },
    "designation" : [{
      "language" : "de",
      "value" : "Nutzen und Schaden"
    }]
  },
  {
    "code" : "preference-and-values",
    "display" : "Preference and values",
    "definition" : "Typical patient preferences and values? Common issues or expected variability?",
    "_definition" : {
      "extension" : [{
        "extension" : [{
          "url" : "lang",
          "valueCode" : "de"
        },
        {
          "url" : "content",
          "valueString" : "Typische Wertvorstellungen und Präferenzen der/des Patient*in? Geläufige Probleme oder erwartete Variabilität?"
        }],
        "url" : "http://hl7.org/fhir/StructureDefinition/translation"
      }]
    },
    "designation" : [{
      "language" : "de",
      "value" : "Wertvorstellungen und Präferenzen"
    }]
  },
  {
    "code" : "resources",
    "display" : "Resources",
    "definition" : "Issues with costs or resource use? For whom? Cost-benefit analysis? Implementation or other issues?",
    "_definition" : {
      "extension" : [{
        "extension" : [{
          "url" : "lang",
          "valueCode" : "de"
        },
        {
          "url" : "content",
          "valueString" : "Probleme bezogen auf Kosten oder Ressourcenverbrauch? Für wen? Kosten-Nutzen-Analyse? Umsetzung oder andere Probleme?"
        }],
        "url" : "http://hl7.org/fhir/StructureDefinition/translation"
      }]
    },
    "designation" : [{
      "language" : "de",
      "value" : "Ressourcen"
    }]
  },
  {
    "code" : "equity",
    "display" : "Equity",
    "definition" : "How do the different alternatives affect equity?",
    "_definition" : {
      "extension" : [{
        "extension" : [{
          "url" : "lang",
          "valueCode" : "de"
        },
        {
          "url" : "content",
          "valueString" : "Wie wirken sich die verschiedenen Alternativen auf die Gerechtigkeit aus?"
        }],
        "url" : "http://hl7.org/fhir/StructureDefinition/translation"
      }]
    },
    "designation" : [{
      "language" : "de",
      "value" : "Gerechtigkeit"
    }]
  },
  {
    "code" : "acceptability",
    "display" : "Acceptability",
    "definition" : "Are the alternatives acceptable for the target population and its implementors?",
    "_definition" : {
      "extension" : [{
        "extension" : [{
          "url" : "lang",
          "valueCode" : "de"
        },
        {
          "url" : "content",
          "valueString" : "Sind die Alternativen für die Zielpopulatino und die Durchführenden akzeptabel?"
        }],
        "url" : "http://hl7.org/fhir/StructureDefinition/translation"
      }]
    },
    "designation" : [{
      "language" : "de",
      "value" : "Akzeptanz"
    }]
  },
  {
    "code" : "feasibility",
    "display" : "Feasibility",
    "definition" : "How feasible will it be to implement the different alternatives? Any issues?",
    "_definition" : {
      "extension" : [{
        "extension" : [{
          "url" : "lang",
          "valueCode" : "de"
        },
        {
          "url" : "content",
          "valueString" : "Wie praktikabel ist die Umsetzung der verschiedenen Alternativen? Gibt es Probleme?"
        }],
        "url" : "http://hl7.org/fhir/StructureDefinition/translation"
      }]
    },
    "designation" : [{
      "language" : "de",
      "value" : "Durchführbarkeit"
    }]
  }]
}