{
  "resourceType" : "CodeSystem",
  "id" : "cs-rob-2-overall-judgment",
  "text" : {
    "status" : "generated",
    "div" : "<div xmlns=\"http://www.w3.org/1999/xhtml\"><p class=\"res-header-id\"><b>Generated Narrative: CodeSystem cs-rob-2-overall-judgment</b></p><a name=\"cs-rob-2-overall-judgment\"> </a><a name=\"hccs-rob-2-overall-judgment\"> </a><p>This case-insensitive code system <code>http://fhir.awmf.org/awmf.ig/CodeSystem/cs-rob-2-overall-judgment</code> defines the following codes:</p><table class=\"codes\"><tr><td style=\"white-space:nowrap\"><b>Code</b></td><td><b>Display</b></td><td><b>Definition</b></td><td><b>Deutsch (German, de)</b></td></tr><tr><td style=\"white-space:nowrap\">low_risk_of_bias<a name=\"cs-rob-2-overall-judgment-low_risk_of_bias\"> </a></td><td>Low risk of bias</td><td><div><p>The study is judged to be at low risk of bias for all domains for this result.</p>\n</div></td><td>Geringes Risiko für Bias</td></tr><tr><td style=\"white-space:nowrap\">some_concerns<a name=\"cs-rob-2-overall-judgment-some_concerns\"> </a></td><td>Some concerns</td><td><div><p>The study is judged to raise some concerns in at least one domain for this result, but not to be at high risk of bias for any domain.</p>\n</div></td><td>Einige Bedenken</td></tr><tr><td style=\"white-space:nowrap\">high_risk_of_bias<a name=\"cs-rob-2-overall-judgment-high_risk_of_bias\"> </a></td><td>High risk of bias</td><td><div><p>The study is judged to be at high risk of bias in at least one domain for this result.\nOr\nThe study is judged to have some concerns for multiple domains in a way that substantially lowers confidence in the result.</p>\n</div></td><td>Hohes Risiko für Bias</td></tr></table></div>"
  },
  "url" : "http://fhir.awmf.org/awmf.ig/CodeSystem/cs-rob-2-overall-judgment",
  "version" : "0.2.0",
  "name" : "RoB2OverallJudment",
  "title" : "RoB2 Overall Judgment",
  "status" : "active",
  "experimental" : false,
  "date" : "2026-01-29T18:27:10+00:00",
  "publisher" : "AWMF e.V.",
  "contact" : [{
    "name" : "AWMF e.V.",
    "telecom" : [{
      "system" : "url",
      "value" : "https://www.awmf.org"
    }]
  }],
  "description" : "CodeSystem representing the overall judgment of risk of bias assessed by the RoB2 tool for evaluating risk of bias for randomized trials.",
  "caseSensitive" : false,
  "content" : "complete",
  "count" : 3,
  "concept" : [{
    "code" : "low_risk_of_bias",
    "display" : "Low risk of bias",
    "definition" : "The study is judged to be at low risk of bias for all domains for this result.",
    "_definition" : {
      "extension" : [{
        "extension" : [{
          "url" : "lang",
          "valueCode" : "de"
        },
        {
          "url" : "content",
          "valueString" : "Das Biasrisiko der Studie wurde in Bezug auf das Ergebnis in allen Domänen als niedrig eingeschätzt."
        }],
        "url" : "http://hl7.org/fhir/StructureDefinition/translation"
      }]
    },
    "designation" : [{
      "language" : "de",
      "value" : "Geringes Risiko für Bias"
    }]
  },
  {
    "code" : "some_concerns",
    "display" : "Some concerns",
    "definition" : "The study is judged to raise some concerns in at least one domain for this result, but not to be at high risk of bias for any domain.",
    "_definition" : {
      "extension" : [{
        "extension" : [{
          "url" : "lang",
          "valueCode" : "de"
        },
        {
          "url" : "content",
          "valueString" : "Die Studie wurde hinsichtlich des Biasrisikos in Bezug auf das Ergebnis in mindestens einer Domäne als „mit einigen Bedenken“ behaftet eingeschätzt, das Biasrisiko wurde jedoch in keiner Domäne als „hoch“ eingeschätzt."
        }],
        "url" : "http://hl7.org/fhir/StructureDefinition/translation"
      }]
    },
    "designation" : [{
      "language" : "de",
      "value" : "Einige Bedenken"
    }]
  },
  {
    "code" : "high_risk_of_bias",
    "display" : "High risk of bias",
    "definition" : "The study is judged to be at high risk of bias in at least one domain for this result.\n                     Or \n                     The study is judged to have some concerns for multiple domains in a way that substantially lowers confidence in the result.",
    "_definition" : {
      "extension" : [{
        "extension" : [{
          "url" : "lang",
          "valueCode" : "de"
        },
        {
          "url" : "content",
          "valueString" : "Das Biasrisiko der Studie wurde in Bezug auf das Ergebnis in mindestens einer Domäne als hoch eingeschätzt; \n                                                                             oder \n                                                                             Die Studie wurde hinsichtlich des Biasrisikos in Bezug auf das Ergebnis in mehreren Domänen als „mit einigen Bedenken“ behaftet eingeschätzt, in einer Weise, die das Vertrauen in das Ergebnis substantiell verringert."
        }],
        "url" : "http://hl7.org/fhir/StructureDefinition/translation"
      }]
    },
    "designation" : [{
      "language" : "de",
      "value" : "Hohes Risiko für Bias"
    }]
  }]
}