"Id","Path","Slice Name","Alias(s)","Label","Min","Max","Must Support?","Is Modifier?","Is Summary?","Type(s)","Short","Definition","Comments","Requirements","Default Value","Meaning When Missing","Fixed Value","Pattern","Example","Minimum Value","Maximum Value","Maximum Length","Binding Strength","Binding Description","Binding Value Set","Code","Slicing Discriminator","Slicing Description","Slicing Ordered","Slicing Rules","Base Path","Base Min","Base Max","Condition(s)","Constraint(s)","Mapping: FiveWs Pattern Mapping","Mapping: HL7 V2 Mapping","Mapping: RIM Mapping","Mapping: ServD","Mapping: Interface Pattern"
"PractitionerRole","PractitionerRole","","","",0,*,"","","","null {[]} {[]}
","Roles/organizations the practitioner is associated with","A specific set of Roles/Locations/specialties/services that a practitioner may perform at an organization for a period of time.","","","","","","","","","",,,,,"",,,,"PractitionerRole",0,*,"","dom-2:If the resource is contained in another resource, it SHALL NOT contain nested Resources {contained.contained.empty()}
dom-3:If the resource is contained in another resource, it SHALL be referred to from elsewhere in the resource or SHALL refer to the containing resource {contained.where((('#'+id.trace('id') in %resource.descendants().select(reference | as(uri))) or descendants().where(reference='#' | as(uri)='#').exists()).not()).trace('unmatched', id).empty()}dom-4:If a resource is contained in another resource, it SHALL NOT have a meta.versionId or a meta.lastUpdated {contained.meta.versionId.empty() and contained.meta.lastUpdated.empty()}dom-5:If a resource is contained in another resource, it SHALL NOT have a security label {contained.meta.security.empty()}dom-6:A resource should have narrative for robust management {text.`div`.exists()}","administrative.individual","PRD (as one example)","Entity, Role, or Act,Role","ServiceSiteProvider","Participant"
"PractitionerRole.id","PractitionerRole.id","","","",0,1,"","","Y","id {[]} {[]}
","Logical id of this artifact","The logical id of the resource, as used in the URL for the resource. Once assigned, this value never changes.","Within the context of the FHIR RESTful interactions, the resource has an id except for cases like the create and conditional update. Otherwise, the use of the resouce id depends on the given use case.","","","","","","","","",,,,,"",,,,"Resource.id",0,1,"",""
"PractitionerRole.meta","PractitionerRole.meta","","","",0,1,"","","Y","Meta {[]} {[]}
","Metadata about the resource","The metadata about the resource. This is content that is maintained by the infrastructure. Changes to the content might not always be associated with version changes to the resource.","","","","","","","","","",,,,,"",,,,"Resource.meta",0,1,"","ele-1:All FHIR elements must have a @value or children {hasValue() or (children().count() > id.count())}
"
"PractitionerRole.implicitRules","PractitionerRole.implicitRules","","","",0,1,"","Y","Y","uri {[]} {[]}
","A set of rules under which this content was created","A reference to a set of rules that were followed when the resource was constructed, and which must be understood when processing the content. Often, this is a reference to an implementation guide that defines the special rules along with other profiles etc.","Asserting this rule set restricts the content to be only understood by a limited set of trading partners. This inherently limits the usefulness of the data in the long term. However, the existing health eco-system is highly fractured, and not yet ready to define, collect, and exchange data in a generally computable sense. Wherever possible, implementers and/or specification writers should avoid using this element. Often, when used, the URL is a reference to an implementation guide that defines these special rules as part of its narrative along with other profiles, value sets, etc.","","","","","","","","",,,,,"",,,,"Resource.implicitRules",0,1,"","ele-1:All FHIR elements must have a @value or children {hasValue() or (children().count() > id.count())}
"
"PractitionerRole.language","PractitionerRole.language","","","",0,1,"","","","code {[]} {[]}
","Language of the resource content","The base language in which the resource is written.","Language is provided to support indexing and accessibility (typically, services such as text to speech use the language tag). The html language tag in the narrative applies  to the narrative. The language tag on the resource may be used to specify the language of other presentations generated from the data in the resource. Not all the content has to be in the base language. The Resource.language should not be assumed to apply to the narrative automatically. If a language is specified, it should it also be specified on the div element in the html (see rules in HTML5 for information about the relationship between xml:lang and the html lang attribute).","","","","","","","","",,"required","IETF language tag for a human language","http://hl7.org/fhir/ValueSet/all-languages|6.0.0-ballot3","",,,,"Resource.language",0,1,"","ele-1:All FHIR elements must have a @value or children {hasValue() or (children().count() > id.count())}
"
"PractitionerRole.text","PractitionerRole.text","","narrative
htmlxhtmldisplay","",0,1,"","","","Narrative {[]} {[]}
","Text summary of the resource, for human interpretation","A human-readable narrative that contains a summary of the resource and can be used to represent the content of the resource to a human. The narrative need not encode all the structured data, but is required to contain sufficient detail to make it ""clinically safe"" for a human to just read the narrative. Resource definitions may define what content should be represented in the narrative to ensure clinical safety.","Contained resources do not have a narrative. Resources that are not contained SHOULD have a narrative. In some cases, a resource may only have text with little or no additional discrete data (as long as all minOccurs=1 elements are satisfied).  This may be necessary for data from legacy systems where information is captured as a ""text blob"" or where text is additionally entered raw or narrated and encoded information is added later.","","","","","","","","",,,,,"",,,,"DomainResource.text",0,1,"dom-6
","ele-1:All FHIR elements must have a @value or children {hasValue() or (children().count() > id.count())}
","Act.text?"
"PractitionerRole.contained","PractitionerRole.contained","","inline resources
anonymous resourcescontained resources","",0,*,"","","","Resource {[]} {[]}
","Contained, inline Resources","These resources do not have an independent existence apart from the resource that contains them - they cannot be identified independently, nor can they have their own independent transaction scope. This is allowed to be a Parameters resource if and only if it is referenced by a resource that provides context/meaning.","This should never be done when the content can be identified properly, as once identification is lost, it is extremely difficult (and context dependent) to restore it again. Contained resources may have profiles and tags in their meta elements, but SHALL NOT have security labels. Contained resources may be a resource type defined in the FHIR specification, or an [additional resource](http://build.fhir.org/resource.html#additional).","","","","","","","","",,,,,"",,,,"DomainResource.contained",0,*,"dom-2
dom-4dom-3dom-5","","N/A"
"PractitionerRole.extension","PractitionerRole.extension","","extensions
user content","",0,*,"","","","Extension {[]} {[]}
","Additional content defined by implementations","May be used to represent additional information that is not part of the basic definition of the resource. To make the use of extensions safe and managable, there is a strict set of governance applied to the definition and use of extensions. Though any implementer can define an extension, there is a set of requirements that SHALL be met as part of the definition of the extension.","There can be no stigma associated with the use of extensions by any application, project, or standard - regardless of the institution or jurisdiction that uses or defines the extensions.  The use of extensions is what allows the FHIR specification to retain a core level of simplicity for everyone.","","","","","","","","",,,,,"",,,,"DomainResource.extension",0,*,"","ele-1:All FHIR elements must have a @value or children {hasValue() or (children().count() > id.count())}
","N/A"
"PractitionerRole.modifierExtension","PractitionerRole.modifierExtension","","extensions
user content","",0,*,"","Y","Y","Extension {[]} {[]}
","Extensions that cannot be ignored","May be used to represent additional information that is not part of the basic definition of the resource and that modifies the understanding of the element that contains it and/or the understanding of the containing element's descendants. Usually modifier elements provide negation or qualification. To make the use of extensions safe and managable, there is a strict set of governance applied to the definition and use of extensions. Though any implementer is allowed to define an extension, there is a set of requirements that SHALL be met as part of the definition of the extension. Applications processing a resource are required to check for modifier extensions.

Modifier extensions SHALL NOT change the meaning of any elements on Resource or DomainResource (including cannot change the meaning of modifierExtension itself).","There can be no stigma associated with the use of extensions by any application, project, or standard - regardless of the institution or jurisdiction that uses or defines the extensions.  The use of extensions is what allows the FHIR specification to retain a core level of simplicity for everyone.","Modifier extensions allow for extensions that *cannot* be safely ignored to be clearly distinguished from the vast majority of extensions which can be safely ignored.  This promotes interoperability by eliminating the need for implementers to prohibit the presence of extensions. For further information, see the [definition of modifier extensions](http://build.fhir.org/extensibility.html#modifierExtension).","","","","","","","",,,,,"",,,,"DomainResource.modifierExtension",0,*,"","ele-1:All FHIR elements must have a @value or children {hasValue() or (children().count() > id.count())}
","N/A"
"PractitionerRole.identifier","PractitionerRole.identifier","","","",0,*,"","","Y","Identifier {[]} {[]}
","Identifiers for a role/location","Business Identifiers that are specific to a role/location.","A specific identifier value (e.g. Minnesota Registration ID) may appear on multiple PractitionerRole instances which could be for different periods, or different Roles (or other reasons).  A specific identifier may be included multiple times in the same PractitionerRole instance with different identifier validity periods.","Often, specific identities are assigned for the agent.","","","","","","","",,,,,"",,,,"PractitionerRole.identifier",0,*,"","ele-1:All FHIR elements must have a @value or children {hasValue() or (children().count() > id.count())}
","FiveWs.identifier","PRD-7 (or XCN.1)",".id","./Identifiers","Participant.identifier"
"PractitionerRole.active","PractitionerRole.active","","","",0,1,"","","Y","boolean {[]} {[]}
","Whether this practitioner role record is in active use"," Whether this practitioner role record is in active use. Some systems may use this property to mark non-active practitioners, such as those that are not currently employed.","If this value is false, you may refer to the period to see when the role was in active use. If there is no period specified, no inference can be made about when it was active.","Need to be able to mark a practitioner role record as not to be used because it was created in error, or otherwise no longer in active use.","","This resource is generally assumed to be active if no value is provided for the active element","","","","","",,,,,"",,,,"PractitionerRole.active",0,1,"","ele-1:All FHIR elements must have a @value or children {hasValue() or (children().count() > id.count())}
","FiveWs.status","STF-7",".statusCode","Participant.active"
"PractitionerRole.period","PractitionerRole.period","","","",1,1,"","","Y","Period {[]} {[]}
","The period during which the practitioner is authorized to perform in these role(s)","The period during which the person is authorized to act as a practitioner in these role(s) for the organization.","If a practitioner is performing a role within an organization over multiple, non-adjacent periods, there should be a distinct PractitionerRole instance for each period.  For example, if a nurse is employed at a hospital, leaves the organization for a period of time due to pandemic related stress, but returns post-pandemic to the same job role, there would be two PractitionerRole instances for the different periods of employment.","Even after the agencies is revoked, the fact that it existed must still be recorded.","","","","","","","",,,,,"",,,,"PractitionerRole.period",0,1,"","ele-1:All FHIR elements must have a @value or children {hasValue() or (children().count() > id.count())}
","FiveWs.done[x]","PRD-8/9 / PRA-5.4",".performance[@typeCode <= 'PPRF'].ActDefinitionOrEvent.effectiveTime","(ServD maps Practitioners and Organizations via another entity, so this concept is not available)"
"PractitionerRole.practitioner","PractitionerRole.practitioner","","","",0,1,"","","Y","Reference {[]} {[CanonicalType[http://fhir.awmf.org/awmf.ig/StructureDefinition/guideline-author]]}
","Practitioner that provides services for the organization","Practitioner that is able to provide the defined services for the organization.","","","","","","","","","",,,,,"",,,,"PractitionerRole.practitioner",0,1,"","ele-1:All FHIR elements must have a @value or children {hasValue() or (children().count() > id.count())}
",".player"
"PractitionerRole.organization","PractitionerRole.organization","","","",0,1,"","","Y","Reference {[]} {[CanonicalType[http://hl7.org/fhir/StructureDefinition/Organization|6.0.0-ballot3]]}
","Organization where the role is available","The organization where this role is available.","Some relationships (represented as PractitionerRoles) that may exist between practitioners and organizations include:* A practitioner may act as a pediatrician when associated with an organization that runs a family clinic.  PractitionerRole.organization would represent the family clinic.* The same practitioner may act as a physician when providing physicals for an athletics department at a school.  PractitionerRole.organization would represent the school.* A practitioner may perform coumadin / anticoagulation services for a clinic run by a health system.   PractitionerRole.organization would represent the coumadin clinic.* A practitioner may act as an inpatient pharmacist reviewing and dispensing medications.  PractitionerRole.organization would represent the hospital pharmacy.* A practitioner may perform medication management and adherence services for an internal medicine clinic.  PractitionerRole.organization would represent the internal medicine clinic.* A practitioner is part of a payer's network (such as a preferred provider organization (PPO), or health maintenance organizations (HMO)).  PractitionerRole.organization would represent the payer's network. Each of the examples above above, would be represented as different PractitionerRole instances, each with a different values for PractitionerRole.organization.","","","","","","","","",,,,,"",,,,"PractitionerRole.organization",0,1,"","ele-1:All FHIR elements must have a @value or children {hasValue() or (children().count() > id.count())}
",".scoper"
"PractitionerRole.network","PractitionerRole.network","","","",0,*,"","","Y","Reference {[]} {[CanonicalType[http://hl7.org/fhir/StructureDefinition/Organization|6.0.0-ballot3]]}
","The network in which the PractitionerRole provides the role's services (if defined) at the indicated locations (if defined)","The network in which the PractitionerRole provides the role's services (if defined) at the indicated locations (if defined).","e.g. Commonly used for Health Insurance provider networks.","","","","","","","","",,,,,"",,,,"PractitionerRole.network",0,*,"","ele-1:All FHIR elements must have a @value or children {hasValue() or (children().count() > id.count())}
"
"PractitionerRole.code","PractitionerRole.code","","","",0,*,"","","Y","CodeableConcept {[]} {[]}
","Roles which this practitioner may perform","Roles which this practitioner is authorized to perform for the organization.","A person may have more than one role.","Need to know what authority the practitioner has - what can they do?","","","","","","","",,"example","The role a person plays representing an organization.","http://hl7.org/fhir/ValueSet/practitioner-role|6.0.0-ballot3","",,,,"PractitionerRole.code",0,*,"","ele-1:All FHIR elements must have a @value or children {hasValue() or (children().count() > id.count())}
","PRD-1 / STF-18  / PRA-3  / PRT-4  / ROL-3 / ORC-12 / OBR-16 / PV1-7 / PV1-8 / PV1-9 / PV1-17",".code","(ServD maps Practitioners and Organizations via another entity, so this concept is not available)","Participant.name"
"PractitionerRole.display","PractitionerRole.display","","","",0,1,"","","Y","string {[]} {[]}
","Denormalized practitioner name, role, organization and location","A value that describes the intersection of the practitioner, organization, and the role of the practitioner within the organization.  This is not the human name of the practitioner, though the textual representation of that human name may be a part of this property.","The PractitionerRole display value may be considered a de-normalized value from Practitioner and/or Organization for the purposes of convenient display in both the PractitionerRole resources and reference to it.  When a system is consuming a PractitionerRole resource and displaying a name to a user, they may choose to use PractitionerRole.display, or they could use one or both of the names from the referenced Practitioner and/or Organization resources along with the role or other relevant properties in PractitionerRole.","","","","","","","","",,,,,"",,,,"PractitionerRole.display",0,1,"","ele-1:All FHIR elements must have a @value or children {hasValue() or (children().count() > id.count())}
"
"PractitionerRole.specialty","PractitionerRole.specialty","","","",0,*,"","","Y","CodeableConcept {[]} {[]}
","Specific specialty of the practitioner","The specialty of a practitioner that describes the functional role they are practicing at a given organization or location.","The specialty represents the functional role a practitioner is playing within an organization/location. This role may require the individual have certain qualifications, which would be represented in the Practitioner.qualifications property.  Note that qualifications may or might not relate to or be required by the practicing specialty.","","","","","","","","",,"preferred","Specific specialty associated with the agency.","http://hl7.org/fhir/ValueSet/c80-practice-codes|6.0.0-ballot3","",,,,"PractitionerRole.specialty",0,*,"","ele-1:All FHIR elements must have a @value or children {hasValue() or (children().count() > id.count())}
","PRA-5",".player.HealthCareProvider[@classCode = 'PROV'].code","./Specialty"
"PractitionerRole.location","PractitionerRole.location","","","",0,*,"","","Y","Reference {[]} {[CanonicalType[http://hl7.org/fhir/StructureDefinition/Location|6.0.0-ballot3]]}
","Location(s) where the practitioner provides care","The location(s) at which this practitioner provides care.","","","","","","","","","",,,,,"",,,,"PractitionerRole.location",0,*,"","ele-1:All FHIR elements must have a @value or children {hasValue() or (children().count() > id.count())}
","FiveWs.where[x]",".performance.ActDefinitionOrEvent.ServiceDeliveryLocation[@classCode = 'SDLOC']","(ServD maps Practitioners and Organizations via another entity, so this concept is not available)<br/> However these are accessed via the Site.ServiceSite.ServiceSiteProvider record. (The Site has the location)"
"PractitionerRole.healthcareService","PractitionerRole.healthcareService","","","",0,*,"","","","Reference {[]} {[CanonicalType[http://hl7.org/fhir/StructureDefinition/HealthcareService|6.0.0-ballot3]]}
","Healthcare services provided for this role's Organization/Location(s)","The list of healthcare services that this worker provides for this role's Organization/Location(s).","","","","","","","","","",,,,,"",,,,"PractitionerRole.healthcareService",0,*,"","ele-1:All FHIR elements must have a @value or children {hasValue() or (children().count() > id.count())}
","EDU-2 / AFF-3",".player.QualifiedEntity[@classCode = 'QUAL'].code"
"PractitionerRole.contact","PractitionerRole.contact","","","",0,*,"","","","ExtendedContactDetail {[]} {[]}
","Official contact details relating to this PractitionerRole","The contact details of communication devices available relevant to the specific PractitionerRole. This can include addresses, phone numbers, fax numbers, mobile numbers, email addresses and web sites.","","Often practitioners have a dedicated line for each location (or service) that they work at, and need to be able to define separate contact details for each of these. Sometimes these also include a named person/organization that handles contact for specific purposes, such as a receptionist, or accounts clerk etc.","","","","","","","",,,,,"",,,,"PractitionerRole.contact",0,*,"","ele-1:All FHIR elements must have a @value or children {hasValue() or (children().count() > id.count())}
"
"PractitionerRole.characteristic","PractitionerRole.characteristic","","","",0,*,"","","","CodeableConcept {[]} {[]}
","Collection of characteristics (attributes)","Collection of characteristics (attributes).","These could be such things as is the service mode used by this role.","","","","","","","","",,"example","A custom attribute that could be provided at a service (e.g. Wheelchair accessibility).","http://hl7.org/fhir/ValueSet/service-mode|6.0.0-ballot3","",,,,"PractitionerRole.characteristic",0,*,"","ele-1:All FHIR elements must have a @value or children {hasValue() or (children().count() > id.count())}
",".actrelationship[typeCode=PERT].observation"
"PractitionerRole.communication","PractitionerRole.communication","","","",0,*,"","","","CodeableConcept {[]} {[]}
","A language the practitioner (in this role) can use in patient communication","A language the practitioner can use in patient communication. The practitioner may know several languages (listed in practitioner.communication), however these are the languages that could be advertised in a directory for a patient to search.","The structure aa-BB with this exact casing is one the most widely used notations for locale. However not all systems code this but instead have it as free text. Hence CodeableConcept instead of code as the data type.Note that for non-patient oriented communication, see Practitioner.communication.  Note that all 'person' type resources (Person, RelatedPerson, Patient, Practitioner) have a communication structure that includes preferences.  Role or service oriented resources such as HealthcareService and PractitionerRole only include languages that are available for interacting with patients.","Knowing which language a practitioner speaks can help in facilitating patients to locate practitioners that speak their language.","","","","","","","",,"required","IETF language tag for a human language","http://hl7.org/fhir/ValueSet/all-languages|6.0.0-ballot3","",,,,"PractitionerRole.communication",0,*,"","ele-1:All FHIR elements must have a @value or children {hasValue() or (children().count() > id.count())}
","./languageCommunication"
"PractitionerRole.availability","PractitionerRole.availability","","","",0,1,"","","","Availability {[]} {[]}
","Times the Practitioner is available at this location and/or healthcare service (including exceptions)","A collection of times the practitioner is available or performing this role at the location and/or healthcareservice.","More detailed availability information may be provided in associated Schedule/Slot resources.

Systems may choose to render availability differently than it is exchanged on the interface. For example, rather than ""Mon, Tue, Wed, Thur, Fri from 9am-12am; Mon, Tue, Wed, Thur, Fri from 1pm-5pm"" as would be implied by two availableTime repetitions, an application could render this information as ""Mon-Fri 9-12am and 1-5pm"".The NotAvailableTime(s) included indicate the general days/periods where the practitioner is not available (for things such as vacation time, or public holidays).","","","","","","","","",,,,,"",,,,"PractitionerRole.availability",0,1,"","ele-1:All FHIR elements must have a @value or children {hasValue() or (children().count() > id.count())}
",".effectiveTime"
"PractitionerRole.endpoint","PractitionerRole.endpoint","","","",0,*,"","","","Reference {[]} {[CanonicalType[http://hl7.org/fhir/StructureDefinition/Endpoint|6.0.0-ballot3]]}
","Endpoints for interacting with the practitioner in this role"," Technical endpoints providing access to services operated for the practitioner with this role. Commonly used for locating scheduling services, or identifying where to send referrals electronically.","","Organizations have multiple systems that provide various services and may also be different for practitioners too.

So the endpoint satisfies the need to be able to define the technical connection details for how to connect to them, and for what purpose.","","","","","","","",,,,,"",,,,"PractitionerRole.endpoint",0,*,"","ele-1:All FHIR elements must have a @value or children {hasValue() or (children().count() > id.count())}
","n/a"
