<?xml version="1.0" encoding="UTF-8"?>

<ValueSet xmlns="http://hl7.org/fhir">
  <id value="vs-care-stage"/>
  <text>
    <status value="extensions"/><div xmlns="http://www.w3.org/1999/xhtml"><p class="res-header-id"><b>Generated Narrative: ValueSet vs-care-stage</b></p><a name="vs-care-stage"> </a><a name="hcvs-care-stage"> </a><ul><li>Include these codes as defined in <a href="CodeSystem-cs-care-setting.html"><code>http://fhir.awmf.org/awmf.ig/CodeSystem/cs-care-setting</code></a><span title="Version is not explicitly stated, which means it is fixed to the version provided in this specification"> version &#x1F4E6;0.2.0</span><table class="none"><tr><td style="white-space:nowrap"><b>Code</b></td><td><b>Display</b></td><td><b>Definition</b></td></tr><tr><td><a href="CodeSystem-cs-care-setting.html#cs-care-setting-prevention">prevention</a></td><td style="color: #cccccc">Prevention</td><td>Activities aimed at preventing diseases or injuries before they occur.</td></tr><tr><td><a href="CodeSystem-cs-care-setting.html#cs-care-setting-early-detection">early-detection</a></td><td style="color: #cccccc">Early Detection</td><td>The identification of diseases or conditions at an early stage, often before symptoms appear.</td></tr><tr><td><a href="CodeSystem-cs-care-setting.html#cs-care-setting-diagnosis">diagnosis</a></td><td style="color: #cccccc">Diagnosis</td><td>The process of determining the nature and cause of a disease or injury through evaluation of patient history, examination, and tests.</td></tr><tr><td><a href="CodeSystem-cs-care-setting.html#cs-care-setting-therapy">therapy</a></td><td style="color: #cccccc">Therapy</td><td>The treatment of a disease or condition, including medical, surgical, or psychological interventions.</td></tr><tr><td><a href="CodeSystem-cs-care-setting.html#cs-care-setting-rehabilitation">rehabilitation</a></td><td style="color: #cccccc">Rehabilitation</td><td>The process of restoring physical, mental, or social abilities lost due to illness or injury.</td></tr></table></li></ul></div>
  </text>
  <url value="http://fhir.awmf.org/awmf.ig/ValueSet/vs-care-stage"/>
  <version value="0.2.0"/>
  <name value="CareStageVS"/>
  <title value="Care Stage"/>
  <status value="draft"/>
  <experimental value="false"/>
  <date value="2026-01-29T18:27:10+00:00"/>
  <publisher value="AWMF e.V."/>
  <contact>
    <name value="AWMF e.V."/>
    <telecom>
      <system value="url"/>
      <value value="https://www.awmf.org"/>
    </telecom>
  </contact>
  <description value="ValueSet listing stages of care from prevention to rehabilitation."/>
  <compose>
    <include>
      <system value="http://fhir.awmf.org/awmf.ig/CodeSystem/cs-care-setting"/>
      <concept>
        <code value="prevention"/>
      </concept>
      <concept>
        <code value="early-detection"/>
      </concept>
      <concept>
        <code value="diagnosis"/>
      </concept>
      <concept>
        <code value="therapy"/>
      </concept>
      <concept>
        <code value="rehabilitation"/>
      </concept>
    </include>
  </compose>
</ValueSet>