<?xml version="1.0" encoding="UTF-8"?>

<ValueSet xmlns="http://hl7.org/fhir">
  <id value="vs-rating-concern-degree"/>
  <text>
    <status value="extensions"/><div xmlns="http://www.w3.org/1999/xhtml"><p class="res-header-id"><b>Generated Narrative: ValueSet vs-rating-concern-degree</b></p><a name="vs-rating-concern-degree"> </a><a name="hcvs-rating-concern-degree"> </a><ul><li>Include these codes as defined in <a href="http://terminology.hl7.org/7.0.1/CodeSystem-certainty-rating.html"><code>http://terminology.hl7.org/CodeSystem/certainty-rating</code></a><span title="Version is not explicitly stated, which means it is fixed to 2.0.0, the version found through the package references"> version &#x1F4E6;2.0.0</span><table class="none"><tr><td style="white-space:nowrap"><b>Code</b></td><td><b>Display</b></td><td><b>Definition</b></td></tr><tr><td><a href="http://terminology.hl7.org/7.0.1/CodeSystem-certainty-rating.html#certainty-rating-no-concern">no-concern</a></td><td>no serious concern</td><td>no serious concern.</td></tr><tr><td><a href="http://terminology.hl7.org/7.0.1/CodeSystem-certainty-rating.html#certainty-rating-serious-concern">serious-concern</a></td><td>serious concern</td><td>serious concern.</td></tr><tr><td><a href="http://terminology.hl7.org/7.0.1/CodeSystem-certainty-rating.html#certainty-rating-very-serious-concern">very-serious-concern</a></td><td>very serious concern</td><td>very serious concern.</td></tr><tr><td><a href="http://terminology.hl7.org/7.0.1/CodeSystem-certainty-rating.html#certainty-rating-extremely-serious-concern">extremely-serious-concern</a></td><td>extremely serious concern</td><td>extremely serious concern.</td></tr></table></li></ul></div>
  </text>
  <url value="http://fhir.awmf.org/awmf.ig/ValueSet/vs-rating-concern-degree"/>
  <version value="0.2.0"/>
  <name value="RatingConcernDegree"/>
  <title value="Rating Concern Degree"/>
  <status value="draft"/>
  <date value="2026-01-29T18:27:10+00:00"/>
  <publisher value="AWMF e.V."/>
  <contact>
    <name value="AWMF e.V."/>
    <telecom>
      <system value="url"/>
      <value value="https://www.awmf.org"/>
    </telecom>
  </contact>
  <description value="ValueSet listing codes from EvidenceCertaintyRating related to degree of concern"/>
  <compose>
    <include>
      <system value="http://terminology.hl7.org/CodeSystem/certainty-rating"/>
      <concept>
        <code value="no-concern"/>
        <display value="no serious concern"/>
      </concept>
      <concept>
        <code value="serious-concern"/>
        <display value="serious concern"/>
      </concept>
      <concept>
        <code value="very-serious-concern"/>
        <display value="very serious concern"/>
      </concept>
      <concept>
        <code value="extremely-serious-concern"/>
        <display value="extremely serious concern"/>
      </concept>
    </include>
  </compose>
</ValueSet>