<?xml version="1.0" encoding="UTF-8"?>

<ValueSet xmlns="http://hl7.org/fhir">
  <id value="vs-level-of-consensus"/>
  <text>
    <status value="generated"/><div xmlns="http://www.w3.org/1999/xhtml"><p class="res-header-id"><b>Generated Narrative: ValueSet vs-level-of-consensus</b></p><a name="vs-level-of-consensus"> </a><a name="hcvs-level-of-consensus"> </a><ul><li>Include all codes defined in <a href="CodeSystem-cs-level-of-consensus.html"><code>http://fhir.awmf.org/awmf.ig/CodeSystem/cs-level-of-consensus</code></a><span title="Version is not explicitly stated, which means it is fixed to the version provided in this specification"> version &#x1F4E6;0.2.0</span></li></ul></div>
  </text>
  <url value="http://fhir.awmf.org/awmf.ig/ValueSet/vs-level-of-consensus"/>
  <version value="0.2.0"/>
  <name value="LevelOfConsensusVS"/>
  <title value="Level Of Consensus"/>
  <status value="draft"/>
  <experimental value="false"/>
  <date value="2026-01-29T18:27:10+00:00"/>
  <publisher value="AWMF e.V."/>
  <contact>
    <name value="AWMF e.V."/>
    <telecom>
      <system value="url"/>
      <value value="https://www.awmf.org"/>
    </telecom>
  </contact>
  <description value="ValueSet listing values to define the level of consensus for a recommendation."/>
  <compose>
    <include>
      <system value="http://fhir.awmf.org/awmf.ig/CodeSystem/cs-level-of-consensus"/>
    </include>
  </compose>
</ValueSet>