<?xml version="1.0" encoding="UTF-8"?>

<ValueSet xmlns="http://hl7.org/fhir">
  <id value="vs-rob-2-overall-judgment"/>
  <text>
    <status value="generated"/><div xmlns="http://www.w3.org/1999/xhtml"><p class="res-header-id"><b>Generated Narrative: ValueSet vs-rob-2-overall-judgment</b></p><a name="vs-rob-2-overall-judgment"> </a><a name="hcvs-rob-2-overall-judgment"> </a><ul><li>Include all codes defined in <a href="CodeSystem-cs-rob-2-overall-judgment.html"><code>http://fhir.awmf.org/awmf.ig/CodeSystem/cs-rob-2-overall-judgment</code></a><span title="Version is not explicitly stated, which means it is fixed to the version provided in this specification"> version &#x1F4E6;0.2.0</span></li></ul></div>
  </text>
  <url value="http://fhir.awmf.org/awmf.ig/ValueSet/vs-rob-2-overall-judgment"/>
  <version value="0.2.0"/>
  <name value="RoB2OverallJudmentVS"/>
  <title value="RoB2 Overall Judgment ValueSet"/>
  <status value="draft"/>
  <date value="2026-01-29T18:27:10+00:00"/>
  <publisher value="AWMF e.V."/>
  <contact>
    <name value="AWMF e.V."/>
    <telecom>
      <system value="url"/>
      <value value="https://www.awmf.org"/>
    </telecom>
  </contact>
  <description value="ValueSet listing values to represent the overall judgment of risk of bias assessed by the RoB2 tool for evaluating risk of bias for randomized trials."/>
  <compose>
    <include>
      <system value="http://fhir.awmf.org/awmf.ig/CodeSystem/cs-rob-2-overall-judgment"/>
    </include>
  </compose>
</ValueSet>