{
  "resourceType" : "ValueSet",
  "id" : "ocebm-2011-levels-of-evidence-vs",
  "text" : {
    "status" : "generated",
    "div" : "<div xmlns=\"http://www.w3.org/1999/xhtml\"><p class=\"res-header-id\"><b>Generated Narrative: ValueSet ocebm-2011-levels-of-evidence-vs</b></p><a name=\"ocebm-2011-levels-of-evidence-vs\"> </a><a name=\"hcocebm-2011-levels-of-evidence-vs\"> </a><ul><li>Include all codes defined in <a href=\"CodeSystem-cs-ocebm-2011-levels-of-evidence.html\"><code>http://fhir.awmf.org/awmf.ig/CodeSystem/cs-ocebm-2011-levels-of-evidence</code></a><span title=\"Version is not explicitly stated, which means it is fixed to the version provided in this specification\"> version &#x1F4E6;0.2.0</span></li></ul></div>"
  },
  "url" : "http://fhir.awmf.org/awmf.ig/ValueSet/ocebm-2011-levels-of-evidence-vs",
  "version" : "0.2.0",
  "name" : "OCEBM2011LevelsOfEvidenceVS",
  "title" : "OCEBM 2011 Levels of Evidence Value Set",
  "status" : "draft",
  "date" : "2026-01-29T18:27:10+00:00",
  "publisher" : "AWMF e.V.",
  "contact" : [{
    "name" : "AWMF e.V.",
    "telecom" : [{
      "system" : "url",
      "value" : "https://www.awmf.org"
    }]
  }],
  "description" : "ValueSet encompassing all levels from the OCEBM 2011 Levels of Evidence.",
  "compose" : {
    "include" : [{
      "system" : "http://fhir.awmf.org/awmf.ig/CodeSystem/cs-ocebm-2011-levels-of-evidence"
    }]
  }
}