{"resourceType":"CodeSystem","id":"cs-recommendation-review-status","text":{"status":"generated","div":"<div xmlns=\"http://www.w3.org/1999/xhtml\"><p class=\"res-header-id\"><b>Generated Narrative: CodeSystem cs-recommendation-review-status</b></p><a name=\"cs-recommendation-review-status\"> </a><a name=\"hccs-recommendation-review-status\"> </a><p>This case-insensitive code system <code>http://fhir.awmf.org/awmf.ig/CodeSystem/cs-recommendation-review-status</code> defines the following codes:</p><table class=\"codes\"><tr><td style=\"white-space:nowrap\"><b>Code</b></td><td><b>Display</b></td><td><b>Definition</b></td><td><b>Deutsch (German, de)</b></td></tr><tr><td style=\"white-space:nowrap\">added<a name=\"cs-recommendation-review-status-added\"> </a></td><td>Added</td><td>Recommendation was newly added in this version of the guideline</td><td>Hinzugefügt</td></tr><tr><td style=\"white-space:nowrap\">updated<a name=\"cs-recommendation-review-status-updated\"> </a></td><td>Updated</td><td>Recommendation was modified or updated</td><td>Aktualisiert</td></tr><tr><td style=\"white-space:nowrap\">reaffirmed<a name=\"cs-recommendation-review-status-reaffirmed\"> </a></td><td>Reaffirmed</td><td>Recommendation was reviewed and explicitly confirmed to still be valid</td><td>Bestätigt.</td></tr></table></div>"},"url":"http://fhir.awmf.org/awmf.ig/CodeSystem/cs-recommendation-review-status","version":"0.2.0","name":"RecommendationReviewStatusCS","title":"Recommendation Review Status Code System","status":"active","experimental":false,"date":"2026-01-29T18:27:10+00:00","publisher":"AWMF e.V.","contact":[{"name":"AWMF e.V.","telecom":[{"system":"url","value":"https://www.awmf.org"}]}],"description":"CodeSystem defining values indicating how a recommendation relates to a new revision of a recommendation","caseSensitive":false,"content":"complete","count":3,"concept":[{"code":"added","display":"Added","definition":"Recommendation was newly added in this version of the guideline","_definition":{"extension":[{"extension":[{"url":"lang","valueCode":"de"},{"url":"content","valueString":"Diese Empfehlung ist in dieser Version der Leitlinie neu dazugekommen."}],"url":"http://hl7.org/fhir/StructureDefinition/translation"}]},"designation":[{"language":"de","value":"Hinzugefügt"},{"use":{"system":"http://terminology.hl7.org/CodeSystem/hl7TermMaintInfra","code":"preferredForLanguage"},"value":"Added"}]},{"code":"updated","display":"Updated","definition":"Recommendation was modified or updated","_definition":{"extension":[{"extension":[{"url":"lang","valueCode":"de"},{"url":"content","valueString":"Diese Empfehlung wurde geändert oder aktualisiert."}],"url":"http://hl7.org/fhir/StructureDefinition/translation"}]},"designation":[{"language":"de","value":"Aktualisiert"},{"use":{"system":"http://terminology.hl7.org/CodeSystem/hl7TermMaintInfra","code":"preferredForLanguage"},"value":"Updated"}]},{"code":"reaffirmed","display":"Reaffirmed","definition":"Recommendation was reviewed and explicitly confirmed to still be valid","_definition":{"extension":[{"extension":[{"url":"lang","valueCode":"de"},{"url":"content","valueString":"Diese Empfehlung wurde geprüft und ihre Gültigkeit explizit bestätigt."}],"url":"http://hl7.org/fhir/StructureDefinition/translation"}]},"designation":[{"language":"de","value":"Bestätigt."},{"use":{"system":"http://terminology.hl7.org/CodeSystem/hl7TermMaintInfra","code":"preferredForLanguage"},"value":"Reaffirmed"}]}]}