{"resourceType":"CodeSystem","id":"cs-robis-risk-of-bias-domains","text":{"status":"generated","div":"<div xmlns=\"http://www.w3.org/1999/xhtml\"><p class=\"res-header-id\"><b>Generated Narrative: CodeSystem cs-robis-risk-of-bias-domains</b></p><a name=\"cs-robis-risk-of-bias-domains\"> </a><a name=\"hccs-robis-risk-of-bias-domains\"> </a><p>This case-insensitive code system <code>http://fhir.awmf.org/awmf.ig/CodeSystem/cs-robis-risk-of-bias-domains</code> defines the following codes:</p><table class=\"codes\"><tr><td style=\"white-space:nowrap\"><b>Code</b></td><td><b>Display</b></td><td><b>Definition</b></td><td><b>Deutsch (German, de)</b></td></tr><tr><td style=\"white-space:nowrap\">study_eligibility_criteria<a name=\"cs-robis-risk-of-bias-domains-study_eligibility_criteria\"> </a></td><td>Study Eligibility Criteria</td><td>Concerns regarding the specification of study eligibility criteria.</td><td>Studienauswahlkriterien</td></tr><tr><td style=\"white-space:nowrap\">identification_selection_studies<a name=\"cs-robis-risk-of-bias-domains-identification_selection_studies\"> </a></td><td>Identification and Selection of Studies</td><td>Concerns regarding methods used to identify and/or select studies.</td><td>Identifizierung und Auswahl der Studien</td></tr><tr><td style=\"white-space:nowrap\">data_collection_study_appraisal<a name=\"cs-robis-risk-of-bias-domains-data_collection_study_appraisal\"> </a></td><td>Data Collection and Study Appraisal</td><td>Concerns regarding methods used to collect data and appraise studies.</td><td>Datenextraktion und kritische Bewertung der Studien</td></tr><tr><td style=\"white-space:nowrap\">synthesis_findings<a name=\"cs-robis-risk-of-bias-domains-synthesis_findings\"> </a></td><td>Synthesis and Findings</td><td>Concerns regarding the synthesis and findings of the review.</td><td>Synthese und Ergebnisse</td></tr></table></div>"},"url":"http://fhir.awmf.org/awmf.ig/CodeSystem/cs-robis-risk-of-bias-domains","version":"0.2.0","name":"ROBISRiskOfBiasDomains","title":"ROBIS Risk of Bias Domains","status":"active","experimental":false,"date":"2026-01-29T18:27:10+00:00","publisher":"AWMF e.V.","contact":[{"name":"AWMF e.V.","telecom":[{"system":"url","value":"https://www.awmf.org"}]}],"description":"CodeSystem representing the domains assessed by the ROBIS tool for evaluating risk of bias in systematic reviews.","caseSensitive":false,"content":"complete","count":4,"concept":[{"code":"study_eligibility_criteria","display":"Study Eligibility Criteria","definition":"Concerns regarding the specification of study eligibility criteria.","_definition":{"extension":[{"extension":[{"url":"lang","valueCode":"de"},{"url":"content","valueString":"Bedenken im Hinblick auf die Einschlusskriterien"}],"url":"http://hl7.org/fhir/StructureDefinition/translation"}]},"designation":[{"language":"de","value":"Studienauswahlkriterien"},{"use":{"system":"http://terminology.hl7.org/CodeSystem/hl7TermMaintInfra","code":"preferredForLanguage"},"value":"Study Eligibility Criteria"}]},{"code":"identification_selection_studies","display":"Identification and Selection of Studies","definition":"Concerns regarding methods used to identify and/or select studies.","_definition":{"extension":[{"extension":[{"url":"lang","valueCode":"de"},{"url":"content","valueString":"Bedenken im Hinblick auf die Identifikation und Auswahl der Studien"}],"url":"http://hl7.org/fhir/StructureDefinition/translation"}]},"designation":[{"language":"de","value":"Identifizierung und Auswahl der Studien"},{"use":{"system":"http://terminology.hl7.org/CodeSystem/hl7TermMaintInfra","code":"preferredForLanguage"},"value":"Identification and Selection of Studies"}]},{"code":"data_collection_study_appraisal","display":"Data Collection and Study Appraisal","definition":"Concerns regarding methods used to collect data and appraise studies.","_definition":{"extension":[{"extension":[{"url":"lang","valueCode":"de"},{"url":"content","valueString":"Bedenken im Hinblick auf die Datenextraktion und Bewertung der Studien"}],"url":"http://hl7.org/fhir/StructureDefinition/translation"}]},"designation":[{"language":"de","value":"Datenextraktion und kritische Bewertung der Studien"},{"use":{"system":"http://terminology.hl7.org/CodeSystem/hl7TermMaintInfra","code":"preferredForLanguage"},"value":"Data Collection and Study Appraisal"}]},{"code":"synthesis_findings","display":"Synthesis and Findings","definition":"Concerns regarding the synthesis and findings of the review.","_definition":{"extension":[{"extension":[{"url":"lang","valueCode":"de"},{"url":"content","valueString":"Bedenken im Hinblick auf die Datensynthese und Ergebnisse"}],"url":"http://hl7.org/fhir/StructureDefinition/translation"}]},"designation":[{"language":"de","value":"Synthese und Ergebnisse"},{"use":{"system":"http://terminology.hl7.org/CodeSystem/hl7TermMaintInfra","code":"preferredForLanguage"},"value":"Synthesis and Findings"}]}]}