{"resourceType":"CodeSystem","id":"cs-sign-grade-of-recommendation","text":{"status":"generated","div":"<div xmlns=\"http://www.w3.org/1999/xhtml\"><p class=\"res-header-id\"><b>Generated Narrative: CodeSystem cs-sign-grade-of-recommendation</b></p><a name=\"cs-sign-grade-of-recommendation\"> </a><a name=\"hccs-sign-grade-of-recommendation\"> </a><p>This case-insensitive code system <code>http://fhir.awmf.org/awmf.ig/CodeSystem/cs-sign-grade-of-recommendation</code> defines the following codes:</p><table class=\"codes\"><tr><td style=\"white-space:nowrap\"><b>Code</b></td><td><b>Display</b></td><td><b>Definition</b></td><td><b>Deutsch (German, de)</b></td></tr><tr><td style=\"white-space:nowrap\">A<a name=\"cs-sign-grade-of-recommendation-A\"> </a></td><td>Grade A</td><td>At least one meta-analysis, systematic review, or RCT rated as 1++, and directly applicable to the target population; or a body of evidence consisting principally of studies rated as 1+, directly applicable to the target population, and demonstrating overall consistency of results.</td><td>Empfehlungsgrad A</td></tr><tr><td style=\"white-space:nowrap\">B<a name=\"cs-sign-grade-of-recommendation-B\"> </a></td><td>Grade B</td><td>A body of evidence including studies rated as 2++, directly applicable to the target population, and demonstrating overall consistency of results; or extrapolated evidence from studies rated as 1++ or 1+.</td><td>Empfehlungsgrad B</td></tr><tr><td style=\"white-space:nowrap\">C<a name=\"cs-sign-grade-of-recommendation-C\"> </a></td><td>Grade C</td><td>A body of evidence including studies rated as 2+, directly applicable to the target population and demonstrating overall consistency of results; or extrapolated evidence from studies rated as 2++.</td><td>Empfehlungsgrad C</td></tr><tr><td style=\"white-space:nowrap\">D<a name=\"cs-sign-grade-of-recommendation-D\"> </a></td><td>Grade D</td><td>Evidence level 3 or 4; or extrapolated evidence from studies rated as 2+; or consensus-based recommendation.</td><td>Empfehlungsgrad D</td></tr></table></div>"},"url":"http://fhir.awmf.org/awmf.ig/CodeSystem/cs-sign-grade-of-recommendation","version":"0.2.0","name":"SIGNGradeOfRecommendation","title":"SIGN Grade of Recommendation","status":"active","experimental":false,"date":"2026-01-29T18:27:10+00:00","publisher":"AWMF e.V.","contact":[{"name":"AWMF e.V.","telecom":[{"system":"url","value":"https://www.awmf.org"}]}],"description":"CodeSystem representing the Scottish Intercollegiate Guidelines Network (SIGN) Grades of Recommendation.","caseSensitive":false,"content":"complete","count":4,"concept":[{"code":"A","display":"Grade A","definition":"At least one meta-analysis, systematic review, or RCT rated as 1++, and directly applicable to the target population; or a body of evidence consisting principally of studies rated as 1+, directly applicable to the target population, and demonstrating overall consistency of results.","_definition":{"extension":[{"extension":[{"url":"lang","valueCode":"de"},{"url":"content","valueString":"Mindestens eine Metaanalyse, systematische Review oder RCT mit 1++ bewertet und direkt auf die Zielpopulation anwendbar; oder ein Evidenzkörper bestehend hauptsächlich aus Studien mit 1+ bewertet, direkt auf die Zielpopulation anwendbar und mit konsistenten Ergebnissen."}],"url":"http://hl7.org/fhir/StructureDefinition/translation"}]},"designation":[{"language":"de","value":"Empfehlungsgrad A"},{"use":{"system":"http://terminology.hl7.org/CodeSystem/hl7TermMaintInfra","code":"preferredForLanguage"},"value":"Grade A"}]},{"code":"B","display":"Grade B","definition":"A body of evidence including studies rated as 2++, directly applicable to the target population, and demonstrating overall consistency of results; or extrapolated evidence from studies rated as 1++ or 1+.","_definition":{"extension":[{"extension":[{"url":"lang","valueCode":"de"},{"url":"content","valueString":"Evidenzkörper mit Studien bewertet als 2++, direkt auf die Zielpopulation anwendbar und mit konsistenten Ergebnissen; oder extrapolierte Evidenz aus Studien bewertet als 1++ oder 1+."}],"url":"http://hl7.org/fhir/StructureDefinition/translation"}]},"designation":[{"language":"de","value":"Empfehlungsgrad B"},{"use":{"system":"http://terminology.hl7.org/CodeSystem/hl7TermMaintInfra","code":"preferredForLanguage"},"value":"Grade B"}]},{"code":"C","display":"Grade C","definition":"A body of evidence including studies rated as 2+, directly applicable to the target population and demonstrating overall consistency of results; or extrapolated evidence from studies rated as 2++.","_definition":{"extension":[{"extension":[{"url":"lang","valueCode":"de"},{"url":"content","valueString":"Evidenzkörper mit Studien bewertet als 2+, direkt auf die Zielpopulation anwendbar und mit konsistenten Ergebnissen; oder extrapolierte Evidenz aus Studien bewertet als 2++."}],"url":"http://hl7.org/fhir/StructureDefinition/translation"}]},"designation":[{"language":"de","value":"Empfehlungsgrad C"},{"use":{"system":"http://terminology.hl7.org/CodeSystem/hl7TermMaintInfra","code":"preferredForLanguage"},"value":"Grade C"}]},{"code":"D","display":"Grade D","definition":"Evidence level 3 or 4; or extrapolated evidence from studies rated as 2+; or consensus-based recommendation.","_definition":{"extension":[{"extension":[{"url":"lang","valueCode":"de"},{"url":"content","valueString":"Evidenzlevel 3 oder 4; oder extrapolierte Evidenz aus Studien bewertet als 2+; oder konsensbasierte Empfehlung."}],"url":"http://hl7.org/fhir/StructureDefinition/translation"}]},"designation":[{"language":"de","value":"Empfehlungsgrad D"},{"use":{"system":"http://terminology.hl7.org/CodeSystem/hl7TermMaintInfra","code":"preferredForLanguage"},"value":"Grade D"}]}]}