{"resourceType":"CodeSystem","id":"cs-medical-subject-categories","text":{"status":"generated","div":"<div xmlns=\"http://www.w3.org/1999/xhtml\"><p class=\"res-header-id\"><b>Generated Narrative: CodeSystem cs-medical-subject-categories</b></p><a name=\"cs-medical-subject-categories\"> </a><a name=\"hccs-medical-subject-categories\"> </a><p>This case-insensitive code system <code>http://fhir.awmf.org/awmf.ig/CodeSystem/cs-medical-subject-categories</code> defines the following codes:</p><table class=\"codes\"><tr><td style=\"white-space:nowrap\"><b>Code</b></td><td><b>Display</b></td><td><b>Deutsch (German, de)</b></td></tr><tr><td style=\"white-space:nowrap\">surgical<a name=\"cs-medical-subject-categories-surgical\"> </a></td><td>Surgical Disciplines</td><td>Operative Fächer</td></tr><tr><td style=\"white-space:nowrap\">conservative<a name=\"cs-medical-subject-categories-conservative\"> </a></td><td>Conservative Disciplines</td><td>Konservative Fächer</td></tr><tr><td style=\"white-space:nowrap\">psychosocial<a name=\"cs-medical-subject-categories-psychosocial\"> </a></td><td>Psychosocial Disciplines</td><td>Psychosoziale Fächer</td></tr><tr><td style=\"white-space:nowrap\">basic-sciences<a name=\"cs-medical-subject-categories-basic-sciences\"> </a></td><td>Basic Sciences</td><td>Grundlagenfächer</td></tr><tr><td style=\"white-space:nowrap\">method-oriented<a name=\"cs-medical-subject-categories-method-oriented\"> </a></td><td>Method-Oriented Disciplines</td><td>Methodenorientierte Fächer</td></tr><tr><td style=\"white-space:nowrap\">clinical-theoretical<a name=\"cs-medical-subject-categories-clinical-theoretical\"> </a></td><td>Clinical-Theoretical Disciplines</td><td>Klinisch-theoretische Fächer</td></tr><tr><td style=\"white-space:nowrap\">ecological<a name=\"cs-medical-subject-categories-ecological\"> </a></td><td>Ecological and Environmental Disciplines</td><td>Fächer des ökolog. Stoffgebietes</td></tr><tr><td style=\"white-space:nowrap\">dental<a name=\"cs-medical-subject-categories-dental\"> </a></td><td>Dental Medicine Disciplines</td><td>Zahnmedizinische Fächer</td></tr><tr><td style=\"white-space:nowrap\">other<a name=\"cs-medical-subject-categories-other\"> </a></td><td>Other Disciplines</td><td>Sonstige Fächer</td></tr></table></div>"},"url":"http://fhir.awmf.org/awmf.ig/CodeSystem/cs-medical-subject-categories","version":"0.2.0","name":"MedicalSubjectCategoriesCS","title":"Medical Subject Categories","status":"active","experimental":false,"date":"2026-01-29T18:27:10+00:00","publisher":"AWMF e.V.","contact":[{"name":"AWMF e.V.","telecom":[{"system":"url","value":"https://www.awmf.org"}]}],"description":"CodeSystem defining values to classify medical subjects into different categories.","caseSensitive":false,"content":"complete","count":9,"concept":[{"code":"surgical","display":"Surgical Disciplines","designation":[{"language":"de","value":"Operative Fächer"},{"use":{"system":"http://terminology.hl7.org/CodeSystem/hl7TermMaintInfra","code":"preferredForLanguage"},"value":"Surgical Disciplines"}]},{"code":"conservative","display":"Conservative Disciplines","designation":[{"language":"de","value":"Konservative Fächer"},{"use":{"system":"http://terminology.hl7.org/CodeSystem/hl7TermMaintInfra","code":"preferredForLanguage"},"value":"Conservative Disciplines"}]},{"code":"psychosocial","display":"Psychosocial Disciplines","designation":[{"language":"de","value":"Psychosoziale Fächer"},{"use":{"system":"http://terminology.hl7.org/CodeSystem/hl7TermMaintInfra","code":"preferredForLanguage"},"value":"Psychosocial Disciplines"}]},{"code":"basic-sciences","display":"Basic Sciences","designation":[{"language":"de","value":"Grundlagenfächer"},{"use":{"system":"http://terminology.hl7.org/CodeSystem/hl7TermMaintInfra","code":"preferredForLanguage"},"value":"Basic Sciences"}]},{"code":"method-oriented","display":"Method-Oriented Disciplines","designation":[{"language":"de","value":"Methodenorientierte Fächer"},{"use":{"system":"http://terminology.hl7.org/CodeSystem/hl7TermMaintInfra","code":"preferredForLanguage"},"value":"Method-Oriented Disciplines"}]},{"code":"clinical-theoretical","display":"Clinical-Theoretical Disciplines","designation":[{"language":"de","value":"Klinisch-theoretische Fächer"},{"use":{"system":"http://terminology.hl7.org/CodeSystem/hl7TermMaintInfra","code":"preferredForLanguage"},"value":"Clinical-Theoretical Disciplines"}]},{"code":"ecological","display":"Ecological and Environmental Disciplines","designation":[{"language":"de","value":"Fächer des ökolog. Stoffgebietes"},{"use":{"system":"http://terminology.hl7.org/CodeSystem/hl7TermMaintInfra","code":"preferredForLanguage"},"value":"Ecological and Environmental Disciplines"}]},{"code":"dental","display":"Dental Medicine Disciplines","designation":[{"language":"de","value":"Zahnmedizinische Fächer"},{"use":{"system":"http://terminology.hl7.org/CodeSystem/hl7TermMaintInfra","code":"preferredForLanguage"},"value":"Dental Medicine Disciplines"}]},{"code":"other","display":"Other Disciplines","designation":[{"language":"de","value":"Sonstige Fächer"},{"use":{"system":"http://terminology.hl7.org/CodeSystem/hl7TermMaintInfra","code":"preferredForLanguage"},"value":"Other Disciplines"}]}]}