{"resourceType":"CodeSystem","id":"cs-recommendation-tags","text":{"status":"generated","div":"<div xmlns=\"http://www.w3.org/1999/xhtml\"><p class=\"res-header-id\"><b>Generated Narrative: CodeSystem cs-recommendation-tags</b></p><a name=\"cs-recommendation-tags\"> </a><a name=\"hccs-recommendation-tags\"> </a><p>This case-insensitive code system <code>http://fhir.awmf.org/awmf.ig/CodeSystem/cs-recommendation-tags</code> defines the following codes:</p><table class=\"codes\"><tr><td style=\"white-space:nowrap\"><b>Code</b></td><td><b>Display</b></td><td><b>Definition</b></td><td><b>Deutsch (German, de)</b></td></tr><tr><td style=\"white-space:nowrap\">quality-indicators-derivable<a name=\"cs-recommendation-tags-quality-indicators-derivable\"> </a></td><td>Derivable as Quality Indicator</td><td>This recommendation can be operationalized into a measurable quality indicator</td><td>Als Qualitätsindikator ableitbar</td></tr><tr><td style=\"white-space:nowrap\">highly-care-relevant<a name=\"cs-recommendation-tags-highly-care-relevant\"> </a></td><td>Highly Relevant for Care Delivery</td><td>This recommendation is considered particularly relevant for clinical care</td><td>Hochrelevant für die Gesundheitsversorgung</td></tr><tr><td style=\"white-space:nowrap\">student-relevant<a name=\"cs-recommendation-tags-student-relevant\"> </a></td><td>Relevant for Medical Education</td><td>This recommendation is considered relevant for students in medical or healthcare education</td><td>Relevant für die medizinische Ausbildung</td></tr><tr><td style=\"white-space:nowrap\">choosing-wisely<a name=\"cs-recommendation-tags-choosing-wisely\"> </a></td><td>Choosing Wisely Recommendation</td><td>This recommendation is part of a 'Choosing Wisely' campaign or follows similar principles</td><td>Gemeinsam Klug Entscheiden-Empfehlungen</td></tr><tr><td style=\"white-space:nowrap\">off-label<a name=\"cs-recommendation-tags-off-label\"> </a></td><td>Off-Label Use</td><td>This recommendation involves off-label use of a medication or device</td><td>Off-Label-Anwendung</td></tr></table></div>"},"url":"http://fhir.awmf.org/awmf.ig/CodeSystem/cs-recommendation-tags","version":"0.2.0","name":"RecommendationTagsCS","title":"Recommendation Tags","status":"active","experimental":false,"date":"2026-01-29T18:27:10+00:00","publisher":"AWMF e.V.","contact":[{"name":"AWMF e.V.","telecom":[{"system":"url","value":"https://www.awmf.org"}]}],"description":"CodeSystem defining codes to represent tags for recommendations","caseSensitive":false,"content":"complete","count":5,"concept":[{"code":"quality-indicators-derivable","display":"Derivable as Quality Indicator","definition":"This recommendation can be operationalized into a measurable quality indicator","_definition":{"extension":[{"extension":[{"url":"lang","valueCode":"de"},{"url":"content","valueString":"Diese Empfehlung kann in einem messbaren Qualitätsindikator operationalisiert werden."}],"url":"http://hl7.org/fhir/StructureDefinition/translation"}]},"designation":[{"language":"de","value":"Als Qualitätsindikator ableitbar"},{"use":{"system":"http://terminology.hl7.org/CodeSystem/hl7TermMaintInfra","code":"preferredForLanguage"},"value":"Derivable as Quality Indicator"}]},{"code":"highly-care-relevant","display":"Highly Relevant for Care Delivery","definition":"This recommendation is considered particularly relevant for clinical care","_definition":{"extension":[{"extension":[{"url":"lang","valueCode":"de"},{"url":"content","valueString":"Diese Empfehlung wird als besonders relevant für die klinische Versorgung angesehen."}],"url":"http://hl7.org/fhir/StructureDefinition/translation"}]},"designation":[{"language":"de","value":"Hochrelevant für die Gesundheitsversorgung"},{"use":{"system":"http://terminology.hl7.org/CodeSystem/hl7TermMaintInfra","code":"preferredForLanguage"},"value":"Highly Relevant for Care Delivery"}]},{"code":"student-relevant","display":"Relevant for Medical Education","definition":"This recommendation is considered relevant for students in medical or healthcare education","_definition":{"extension":[{"extension":[{"url":"lang","valueCode":"de"},{"url":"content","valueString":"Diese Empfehlung wird als relevant für Studierende der Medizin oder weiterer Fächer im Gesundheitswesen angesehen."}],"url":"http://hl7.org/fhir/StructureDefinition/translation"}]},"designation":[{"language":"de","value":"Relevant für die medizinische Ausbildung"},{"use":{"system":"http://terminology.hl7.org/CodeSystem/hl7TermMaintInfra","code":"preferredForLanguage"},"value":"Relevant for Medical Education"}]},{"code":"choosing-wisely","display":"Choosing Wisely Recommendation","definition":"This recommendation is part of a 'Choosing Wisely' campaign or follows similar principles","_definition":{"extension":[{"extension":[{"url":"lang","valueCode":"de"},{"url":"content","valueString":"Diese Empfehlung ist Teil der Gemeinsam Klug Entscheiden-Initiative oder folgt ähnlichen Prinzipien."}],"url":"http://hl7.org/fhir/StructureDefinition/translation"}]},"designation":[{"language":"de","value":"Gemeinsam Klug Entscheiden-Empfehlungen"},{"use":{"system":"http://terminology.hl7.org/CodeSystem/hl7TermMaintInfra","code":"preferredForLanguage"},"value":"Choosing Wisely Recommendation"}]},{"code":"off-label","display":"Off-Label Use","definition":"This recommendation involves off-label use of a medication or device","_definition":{"extension":[{"extension":[{"url":"lang","valueCode":"de"},{"url":"content","valueString":"Diese Empfehlung beinhaltet die Off-Label-Anwendung eines Arzneitmittels oder Geräts."}],"url":"http://hl7.org/fhir/StructureDefinition/translation"}]},"designation":[{"language":"de","value":"Off-Label-Anwendung"},{"use":{"system":"http://terminology.hl7.org/CodeSystem/hl7TermMaintInfra","code":"preferredForLanguage"},"value":"Off-Label Use"}]}]}