{"resourceType":"CodeSystem","id":"cs-ocebm-2009-levels-of-evidence","text":{"status":"generated","div":"<div xmlns=\"http://www.w3.org/1999/xhtml\"><p class=\"res-header-id\"><b>Generated Narrative: CodeSystem cs-ocebm-2009-levels-of-evidence</b></p><a name=\"cs-ocebm-2009-levels-of-evidence\"> </a><a name=\"hccs-ocebm-2009-levels-of-evidence\"> </a><p>This case-insensitive code system <code>http://fhir.awmf.org/awmf.ig/CodeSystem/cs-ocebm-2009-levels-of-evidence</code> defines the following codes:</p><table class=\"codes\"><tr><td style=\"white-space:nowrap\"><b>Code</b></td><td><b>Definition</b></td><td><b>Deutsch (German, de)</b></td></tr><tr><td style=\"white-space:nowrap\">1a<a name=\"cs-ocebm-2009-levels-of-evidence-1a\"> </a></td><td>Systematic reviews of high-quality RCTs</td><td>1a</td></tr><tr><td style=\"white-space:nowrap\">1b<a name=\"cs-ocebm-2009-levels-of-evidence-1b\"> </a></td><td>Individual RCT (with narrow confidence interval)</td><td>1b</td></tr><tr><td style=\"white-space:nowrap\">1c<a name=\"cs-ocebm-2009-levels-of-evidence-1c\"> </a></td><td>All or none RCTs</td><td>1c</td></tr><tr><td style=\"white-space:nowrap\">2a<a name=\"cs-ocebm-2009-levels-of-evidence-2a\"> </a></td><td>Systematic reviews of cohort studies</td><td>2a</td></tr><tr><td style=\"white-space:nowrap\">2b<a name=\"cs-ocebm-2009-levels-of-evidence-2b\"> </a></td><td>Individual cohort study or low-quality RCT</td><td>2b</td></tr><tr><td style=\"white-space:nowrap\">2c<a name=\"cs-ocebm-2009-levels-of-evidence-2c\"> </a></td><td>Outcomes research; ecological studies</td><td>2c</td></tr><tr><td style=\"white-space:nowrap\">3a<a name=\"cs-ocebm-2009-levels-of-evidence-3a\"> </a></td><td>Systematic reviews of case-control studies</td><td>3a</td></tr><tr><td style=\"white-space:nowrap\">3b<a name=\"cs-ocebm-2009-levels-of-evidence-3b\"> </a></td><td>Individual case-control study</td><td>3b</td></tr><tr><td style=\"white-space:nowrap\">4<a name=\"cs-ocebm-2009-levels-of-evidence-4\"> </a></td><td>Case series</td><td>4</td></tr><tr><td style=\"white-space:nowrap\">5<a name=\"cs-ocebm-2009-levels-of-evidence-5\"> </a></td><td>Expert opinion</td><td>5</td></tr></table></div>"},"url":"http://fhir.awmf.org/awmf.ig/CodeSystem/cs-ocebm-2009-levels-of-evidence","version":"0.2.0","name":"OCEBM2009LevelsOfEvidence","title":"OCEBM 2009 Levels of Evidence","status":"active","experimental":false,"date":"2026-01-29T18:27:10+00:00","publisher":"AWMF e.V.","contact":[{"name":"AWMF e.V.","telecom":[{"system":"url","value":"https://www.awmf.org"}]}],"description":"CodeSystem representing the Oxford Centre for Evidence-Based Medicine 2009 CEBM Levels of Evidence","caseSensitive":false,"content":"complete","count":10,"concept":[{"code":"1a","display":"1a","definition":"Systematic reviews of high-quality RCTs","_definition":{"extension":[{"extension":[{"url":"lang","valueCode":"de"},{"url":"content","valueString":"Systematische Reviews hochwertiger RCTs"}],"url":"http://hl7.org/fhir/StructureDefinition/translation"}]},"designation":[{"language":"de","value":"1a"},{"use":{"system":"http://terminology.hl7.org/CodeSystem/hl7TermMaintInfra","code":"preferredForLanguage"},"value":"1a"}]},{"code":"1b","display":"1b","definition":"Individual RCT (with narrow confidence interval)","_definition":{"extension":[{"extension":[{"url":"lang","valueCode":"de"},{"url":"content","valueString":"Einzelne randomisierte kontrollierte Studien (mit engem Konfidenzintervall)"}],"url":"http://hl7.org/fhir/StructureDefinition/translation"}]},"designation":[{"language":"de","value":"1b"},{"use":{"system":"http://terminology.hl7.org/CodeSystem/hl7TermMaintInfra","code":"preferredForLanguage"},"value":"1b"}]},{"code":"1c","display":"1c","definition":"All or none RCTs","_definition":{"extension":[{"extension":[{"url":"lang","valueCode":"de"},{"url":"content","valueString":"Alle oder keine randomisierten kontrollierten Studien"}],"url":"http://hl7.org/fhir/StructureDefinition/translation"}]},"designation":[{"language":"de","value":"1c"},{"use":{"system":"http://terminology.hl7.org/CodeSystem/hl7TermMaintInfra","code":"preferredForLanguage"},"value":"1c"}]},{"code":"2a","display":"2a","definition":"Systematic reviews of cohort studies","_definition":{"extension":[{"extension":[{"url":"lang","valueCode":"de"},{"url":"content","valueString":"Systematische Reviews von Kohortenstudien"}],"url":"http://hl7.org/fhir/StructureDefinition/translation"}]},"designation":[{"language":"de","value":"2a"},{"use":{"system":"http://terminology.hl7.org/CodeSystem/hl7TermMaintInfra","code":"preferredForLanguage"},"value":"2a"}]},{"code":"2b","display":"2b","definition":"Individual cohort study or low-quality RCT","_definition":{"extension":[{"extension":[{"url":"lang","valueCode":"de"},{"url":"content","valueString":"Individuelle Kohortenstudie oder randomisierte kontrollierte Studien mit niedriger Qualität"}],"url":"http://hl7.org/fhir/StructureDefinition/translation"}]},"designation":[{"language":"de","value":"2b"},{"use":{"system":"http://terminology.hl7.org/CodeSystem/hl7TermMaintInfra","code":"preferredForLanguage"},"value":"2b"}]},{"code":"2c","display":"2c","definition":"Outcomes research; ecological studies","_definition":{"extension":[{"extension":[{"url":"lang","valueCode":"de"},{"url":"content","valueString":"Outcomes-Forschung; ökologische Studien"}],"url":"http://hl7.org/fhir/StructureDefinition/translation"}]},"designation":[{"language":"de","value":"2c"},{"use":{"system":"http://terminology.hl7.org/CodeSystem/hl7TermMaintInfra","code":"preferredForLanguage"},"value":"2c"}]},{"code":"3a","display":"3a","definition":"Systematic reviews of case-control studies","_definition":{"extension":[{"extension":[{"url":"lang","valueCode":"de"},{"url":"content","valueString":"Systematische Überprüfung von Fall-Kontroll-Studien"}],"url":"http://hl7.org/fhir/StructureDefinition/translation"}]},"designation":[{"language":"de","value":"3a"},{"use":{"system":"http://terminology.hl7.org/CodeSystem/hl7TermMaintInfra","code":"preferredForLanguage"},"value":"3a"}]},{"code":"3b","display":"3b","definition":"Individual case-control study","_definition":{"extension":[{"extension":[{"url":"lang","valueCode":"de"},{"url":"content","valueString":"Einzelne Fall-Kontroll-Studie"}],"url":"http://hl7.org/fhir/StructureDefinition/translation"}]},"designation":[{"language":"de","value":"3b"},{"use":{"system":"http://terminology.hl7.org/CodeSystem/hl7TermMaintInfra","code":"preferredForLanguage"},"value":"3b"}]},{"code":"4","display":"4","definition":"Case series","_definition":{"extension":[{"extension":[{"url":"lang","valueCode":"de"},{"url":"content","valueString":"Fallserie"}],"url":"http://hl7.org/fhir/StructureDefinition/translation"}]},"designation":[{"language":"de","value":"4"},{"use":{"system":"http://terminology.hl7.org/CodeSystem/hl7TermMaintInfra","code":"preferredForLanguage"},"value":"4"}]},{"code":"5","display":"5","definition":"Expert opinion","_definition":{"extension":[{"extension":[{"url":"lang","valueCode":"de"},{"url":"content","valueString":"Expertenmeinung"}],"url":"http://hl7.org/fhir/StructureDefinition/translation"}]},"designation":[{"language":"de","value":"5"},{"use":{"system":"http://terminology.hl7.org/CodeSystem/hl7TermMaintInfra","code":"preferredForLanguage"},"value":"5"}]}]}