{"resourceType":"PlanDefinition","id":"Recommendation-PlanDefinition-example","url":"http://fhir.awmf.org/awmf.ig/PlanDefinition/Recommendation-PlanDefinition-example","version":"0.2.0","status":"draft","date":"2026-01-29T18:27:10+00:00","publisher":"AWMF e.V.","contact":[{"name":"AWMF e.V.","telecom":[{"system":"url","value":"https://www.awmf.org"}]}],"action":[{"id":"diagnose","title":"Recommendation 1","description":"Mach Diagnose","relatedAction":[{"targetId":"therapie","relationship":"after"}]},{"id":"therapie","title":"Recommendation 2","description":"Mach Therapie","relatedAction":[{"targetId":"diagnose","relationship":"before"}]}]}