{"resourceType":"ValueSet","id":"vs-rob-2-overall-judgment","text":{"status":"generated","div":"<div xmlns=\"http://www.w3.org/1999/xhtml\"><p class=\"res-header-id\"><b>Generated Narrative: ValueSet vs-rob-2-overall-judgment</b></p><a name=\"vs-rob-2-overall-judgment\"> </a><a name=\"hcvs-rob-2-overall-judgment\"> </a><ul><li>Include all codes defined in <a href=\"CodeSystem-cs-rob-2-overall-judgment.html\"><code>http://fhir.awmf.org/awmf.ig/CodeSystem/cs-rob-2-overall-judgment</code></a><span title=\"Version is not explicitly stated, which means it is fixed to the version provided in this specification\"> version &#x1F4E6;0.2.0</span></li></ul></div>"},"url":"http://fhir.awmf.org/awmf.ig/ValueSet/vs-rob-2-overall-judgment","version":"0.2.0","name":"RoB2OverallJudmentVS","title":"RoB2 Overall Judgment ValueSet","status":"draft","date":"2026-01-29T18:27:10+00:00","publisher":"AWMF e.V.","contact":[{"name":"AWMF e.V.","telecom":[{"system":"url","value":"https://www.awmf.org"}]}],"description":"ValueSet listing values to represent the overall judgment of risk of bias assessed by the RoB2 tool for evaluating risk of bias for randomized trials.","compose":{"include":[{"system":"http://fhir.awmf.org/awmf.ig/CodeSystem/cs-rob-2-overall-judgment"}]}}