{"resourceType":"ValueSet","id":"vs-rating-certainty-of-evidence","text":{"status":"extensions","div":"<div xmlns=\"http://www.w3.org/1999/xhtml\"><p class=\"res-header-id\"><b>Generated Narrative: ValueSet vs-rating-certainty-of-evidence</b></p><a name=\"vs-rating-certainty-of-evidence\"> </a><a name=\"hcvs-rating-certainty-of-evidence\"> </a><ul><li>Include these codes as defined in <a href=\"http://terminology.hl7.org/7.0.1/CodeSystem-certainty-rating.html\"><code>http://terminology.hl7.org/CodeSystem/certainty-rating</code></a><span title=\"Version is not explicitly stated, which means it is fixed to 2.0.0, the version found through the package references\"> version &#x1F4E6;2.0.0</span><table class=\"none\"><tr><td style=\"white-space:nowrap\"><b>Code</b></td><td><b>Display</b></td><td><b>Definition</b></td></tr><tr><td><a href=\"http://terminology.hl7.org/7.0.1/CodeSystem-certainty-rating.html#certainty-rating-high\">high</a></td><td>High quality</td><td>High quality evidence.</td></tr><tr><td><a href=\"http://terminology.hl7.org/7.0.1/CodeSystem-certainty-rating.html#certainty-rating-moderate\">moderate</a></td><td>Moderate quality</td><td>Moderate quality evidence.</td></tr><tr><td><a href=\"http://terminology.hl7.org/7.0.1/CodeSystem-certainty-rating.html#certainty-rating-low\">low</a></td><td>Low quality</td><td>Low quality evidence.</td></tr><tr><td><a href=\"http://terminology.hl7.org/7.0.1/CodeSystem-certainty-rating.html#certainty-rating-very-low\">very-low</a></td><td>Very low quality</td><td>Very low quality evidence.</td></tr></table></li></ul></div>"},"url":"http://fhir.awmf.org/awmf.ig/ValueSet/vs-rating-certainty-of-evidence","version":"0.2.0","name":"RatingCertaintyofEvidence","title":"Rating Certainty Of Evidence","status":"draft","date":"2026-01-29T18:27:10+00:00","publisher":"AWMF e.V.","contact":[{"name":"AWMF e.V.","telecom":[{"system":"url","value":"https://www.awmf.org"}]}],"description":"Codes from EvidenceCertaintyRating related to certainty of evidence","compose":{"include":[{"system":"http://terminology.hl7.org/CodeSystem/certainty-rating","concept":[{"code":"high","display":"High quality"},{"code":"moderate","display":"Moderate quality"},{"code":"low","display":"Low quality"},{"code":"very-low","display":"Very low quality"}]}]}}