{"resourceType":"ValueSet","id":"vs-robis-judgment-of-risk-of-bias","text":{"status":"generated","div":"<div xmlns=\"http://www.w3.org/1999/xhtml\"><p class=\"res-header-id\"><b>Generated Narrative: ValueSet vs-robis-judgment-of-risk-of-bias</b></p><a name=\"vs-robis-judgment-of-risk-of-bias\"> </a><a name=\"hcvs-robis-judgment-of-risk-of-bias\"> </a><ul><li>Include all codes defined in <a href=\"CodeSystem-cs-robis-judgment-of-risk-of-bias.html\"><code>http://fhir.awmf.org/awmf.ig/CodeSystem/cs-robis-judgment-of-risk-of-bias</code></a><span title=\"Version is not explicitly stated, which means it is fixed to the version provided in this specification\"> version &#x1F4E6;0.2.0</span></li></ul></div>"},"url":"http://fhir.awmf.org/awmf.ig/ValueSet/vs-robis-judgment-of-risk-of-bias","version":"0.2.0","name":"ROBISJudgmentOfRiskOfBiasVS","title":"ROBIS Judgment of Risk of Bias Value Set","status":"active","date":"2026-01-29T18:27:10+00:00","publisher":"AWMF e.V.","contact":[{"name":"AWMF e.V.","telecom":[{"system":"url","value":"https://www.awmf.org"}]}],"description":"ValueSet encompassing all risk of bias judgment values from the ROBIS tool.","compose":{"include":[{"system":"http://fhir.awmf.org/awmf.ig/CodeSystem/cs-robis-judgment-of-risk-of-bias"}]}}