{"resourceType":"ValueSet","id":"vs-medical-subject-categories","text":{"status":"generated","div":"<div xmlns=\"http://www.w3.org/1999/xhtml\"><p class=\"res-header-id\"><b>Generated Narrative: ValueSet vs-medical-subject-categories</b></p><a name=\"vs-medical-subject-categories\"> </a><a name=\"hcvs-medical-subject-categories\"> </a><ul><li>Include all codes defined in <a href=\"CodeSystem-cs-medical-subject-categories.html\"><code>http://fhir.awmf.org/awmf.ig/CodeSystem/cs-medical-subject-categories</code></a><span title=\"Version is not explicitly stated, which means it is fixed to the version provided in this specification\"> version &#x1F4E6;0.2.0</span></li></ul></div>"},"url":"http://fhir.awmf.org/awmf.ig/ValueSet/vs-medical-subject-categories","version":"0.2.0","name":"MedicalSubjectCategoriesVS","title":"Medical Subject Categories","status":"draft","experimental":false,"date":"2026-01-29T18:27:10+00:00","publisher":"AWMF e.V.","contact":[{"name":"AWMF e.V.","telecom":[{"system":"url","value":"https://www.awmf.org"}]}],"description":"ValueSet listing values to classify medical subjects into different categories.","compose":{"include":[{"system":"http://fhir.awmf.org/awmf.ig/CodeSystem/cs-medical-subject-categories"}]}}