{"resourceType":"ValueSet","id":"vs-pico","text":{"status":"generated","div":"<div xmlns=\"http://www.w3.org/1999/xhtml\"><p class=\"res-header-id\"><b>Generated Narrative: ValueSet vs-pico</b></p><a name=\"vs-pico\"> </a><a name=\"hcvs-pico\"> </a><ul><li>Include all codes defined in <a href=\"CodeSystem-cs-pico.html\"><code>http://fhir.awmf.org/awmf.ig/CodeSystem/cs-pico</code></a><span title=\"Version is not explicitly stated, which means it is fixed to the version provided in this specification\"> version &#x1F4E6;0.2.0</span></li></ul></div>"},"url":"http://fhir.awmf.org/awmf.ig/ValueSet/vs-pico","version":"0.2.0","name":"PICOVS","title":"PICO related terms","status":"draft","experimental":false,"date":"2026-01-29T18:27:10+00:00","publisher":"AWMF e.V.","contact":[{"name":"AWMF e.V.","telecom":[{"system":"url","value":"https://www.awmf.org"}]}],"description":"ValueSet listing different terms related to PICO question and objects","compose":{"include":[{"system":"http://fhir.awmf.org/awmf.ig/CodeSystem/cs-pico"}]}}