{"resourceType":"ValueSet","id":"vs-robis-risk-of-bias-domains","text":{"status":"generated","div":"<div xmlns=\"http://www.w3.org/1999/xhtml\"><p class=\"res-header-id\"><b>Generated Narrative: ValueSet vs-robis-risk-of-bias-domains</b></p><a name=\"vs-robis-risk-of-bias-domains\"> </a><a name=\"hcvs-robis-risk-of-bias-domains\"> </a><ul><li>Include all codes defined in <a href=\"CodeSystem-cs-robis-risk-of-bias-domains.html\"><code>http://fhir.awmf.org/awmf.ig/CodeSystem/cs-robis-risk-of-bias-domains</code></a><span title=\"Version is not explicitly stated, which means it is fixed to the version provided in this specification\"> version &#x1F4E6;0.2.0</span></li></ul></div>"},"url":"http://fhir.awmf.org/awmf.ig/ValueSet/vs-robis-risk-of-bias-domains","version":"0.2.0","name":"ROBISRiskOfBiasDomainsVS","title":"ROBIS Risk of Bias Domains Value Set","status":"active","date":"2026-01-29T18:27:10+00:00","publisher":"AWMF e.V.","contact":[{"name":"AWMF e.V.","telecom":[{"system":"url","value":"https://www.awmf.org"}]}],"description":"ValueSet encompassing all risk of bias domains from the ROBIS tool.","compose":{"include":[{"system":"http://fhir.awmf.org/awmf.ig/CodeSystem/cs-robis-risk-of-bias-domains"}]}}