{"resourceType":"ValueSet","id":"vs-guideline-sections","text":{"status":"generated","div":"<div xmlns=\"http://www.w3.org/1999/xhtml\"><p class=\"res-header-id\"><b>Generated Narrative: ValueSet vs-guideline-sections</b></p><a name=\"vs-guideline-sections\"> </a><a name=\"hcvs-guideline-sections\"> </a><p>This value set includes codes based on the following rules:</p><ul><li>Include all codes defined in <a href=\"CodeSystem-cs-guideline-sections.html\"><code>http://fhir.awmf.org/awmf.ig/CodeSystem/cs-guideline-sections</code></a><span title=\"Version is not explicitly stated, which means it is fixed to the version provided in this specification\"> version &#x1F4E6;0.2.0</span></li><li>Include all codes defined in <a href=\"https://build.fhir.org/ig/HL7/ebm/CodeSystem-179423.html\"><code>https://fevir.net/resources/CodeSystem/179423</code></a><span title=\"Version is not explicitly stated, which means it is fixed to 1.0.0-ballot3, the version found through the package references\"> version &#x1F4E6;1.0.0-ballot3</span></li></ul></div>"},"url":"http://fhir.awmf.org/awmf.ig/ValueSet/vs-guideline-sections","version":"0.2.0","name":"GuidelineSectionsVS","title":"Guideline Sections","status":"draft","experimental":false,"date":"2026-01-29T18:27:10+00:00","publisher":"AWMF e.V.","contact":[{"name":"AWMF e.V.","telecom":[{"system":"url","value":"https://www.awmf.org"}]}],"description":"ValueSet listing values to use to define guideline sections","compose":{"include":[{"system":"http://fhir.awmf.org/awmf.ig/CodeSystem/cs-guideline-sections"},{"system":"https://fevir.net/resources/CodeSystem/179423"}]}}