{"resourceType":"ValueSet","id":"vs-remark-type","text":{"status":"generated","div":"<div xmlns=\"http://www.w3.org/1999/xhtml\"><p class=\"res-header-id\"><b>Generated Narrative: ValueSet vs-remark-type</b></p><a name=\"vs-remark-type\"> </a><a name=\"hcvs-remark-type\"> </a><ul><li>Include all codes defined in <a href=\"CodeSystem-cs-remark-type.html\"><code>http://fhir.awmf.org/awmf.ig/CodeSystem/cs-remark-type</code></a><span title=\"Version is not explicitly stated, which means it is fixed to the version provided in this specification\"> version &#x1F4E6;0.2.0</span></li></ul></div>"},"url":"http://fhir.awmf.org/awmf.ig/ValueSet/vs-remark-type","version":"0.2.0","name":"RemarkTypeVS","title":"Remark Type","status":"draft","experimental":false,"date":"2026-01-29T18:27:10+00:00","publisher":"AWMF e.V.","contact":[{"name":"AWMF e.V.","telecom":[{"system":"url","value":"https://www.awmf.org"}]}],"description":"ValueSet listing types of remarks that can be associated with guidelines, including restrictions, warnings, and additional notes.","compose":{"include":[{"system":"http://fhir.awmf.org/awmf.ig/CodeSystem/cs-remark-type"}]}}