{"resourceType":"ValueSet","id":"vs-awmf-guideline-class","text":{"status":"generated","div":"<div xmlns=\"http://www.w3.org/1999/xhtml\"><p class=\"res-header-id\"><b>Generated Narrative: ValueSet vs-awmf-guideline-class</b></p><a name=\"vs-awmf-guideline-class\"> </a><a name=\"hcvs-awmf-guideline-class\"> </a><ul><li>Include all codes defined in <a href=\"CodeSystem-cs-awmf-guideline-class.html\"><code>http://fhir.awmf.org/awmf.ig/CodeSystem/cs-awmf-guideline-class</code></a><span title=\"Version is not explicitly stated, which means it is fixed to the version provided in this specification\"> version &#x1F4E6;0.2.0</span></li></ul></div>"},"url":"http://fhir.awmf.org/awmf.ig/ValueSet/vs-awmf-guideline-class","version":"0.2.0","name":"AWMFGuidelineClassVS","title":"AWMF Guideline Class","status":"draft","experimental":false,"date":"2026-01-29T18:27:10+00:00","publisher":"AWMF e.V.","contact":[{"name":"AWMF e.V.","telecom":[{"system":"url","value":"https://www.awmf.org"}]}],"description":"ValueSet listing values representing guideline classes according to the AWMF.","compose":{"include":[{"system":"http://fhir.awmf.org/awmf.ig/CodeSystem/cs-awmf-guideline-class"}]}}