{"resourceType":"ValueSet","id":"vs-dissemination-website","text":{"status":"generated","div":"<div xmlns=\"http://www.w3.org/1999/xhtml\"><p class=\"res-header-id\"><b>Generated Narrative: ValueSet vs-dissemination-website</b></p><a name=\"vs-dissemination-website\"> </a><a name=\"hcvs-dissemination-website\"> </a><ul><li>Include codes from<a href=\"CodeSystem-cs-related-artifact-types.html\"><code>http://fhir.awmf.org/awmf.ig/CodeSystem/cs-related-artifact-types</code></a><span title=\"Version is not explicitly stated, which means it is fixed to the version provided in this specification\"> version &#x1F4E6;0.2.0</span> where concept  is-a <a href=\"CodeSystem-cs-related-artifact-types.html#cs-related-artifact-types-dissemination-website\">dissemination-website</a></li></ul></div>"},"url":"http://fhir.awmf.org/awmf.ig/ValueSet/vs-dissemination-website","version":"0.2.0","name":"DisseminationWebsite","title":"Dissemination Website","status":"draft","experimental":false,"date":"2026-01-29T18:27:10+00:00","publisher":"AWMF e.V.","contact":[{"name":"AWMF e.V.","telecom":[{"system":"url","value":"https://www.awmf.org"}]}],"description":"ValueSet listing types of dissemination websites","compose":{"include":[{"system":"http://fhir.awmf.org/awmf.ig/CodeSystem/cs-related-artifact-types","filter":[{"property":"concept","op":"is-a","value":"dissemination-website"}]}]}}