{"resourceType":"ValueSet","id":"vs-intended-audience","text":{"status":"generated","div":"<div xmlns=\"http://www.w3.org/1999/xhtml\"><p class=\"res-header-id\"><b>Generated Narrative: ValueSet vs-intended-audience</b></p><a name=\"vs-intended-audience\"> </a><a name=\"hcvs-intended-audience\"> </a><ul><li>Include all codes defined in <a href=\"CodeSystem-cs-intended-audience.html\"><code>http://fhir.awmf.org/awmf.ig/CodeSystem/cs-intended-audience</code></a><span title=\"Version is not explicitly stated, which means it is fixed to the version provided in this specification\"> version &#x1F4E6;0.2.0</span></li></ul></div>"},"url":"http://fhir.awmf.org/awmf.ig/ValueSet/vs-intended-audience","version":"0.2.0","name":"IntendedAudienceVS","title":"Intended Audience Value Set","status":"draft","experimental":false,"date":"2026-01-29T18:27:10+00:00","publisher":"AWMF e.V.","contact":[{"name":"AWMF e.V.","telecom":[{"system":"url","value":"https://www.awmf.org"}]}],"description":"ValueSet listing codes representing intended audiences for a section","compose":{"include":[{"system":"http://fhir.awmf.org/awmf.ig/CodeSystem/cs-intended-audience"}]}}