{"resourceType":"ValueSet","id":"vs-guideline-author-role","text":{"status":"generated","div":"<div xmlns=\"http://www.w3.org/1999/xhtml\"><p class=\"res-header-id\"><b>Generated Narrative: ValueSet vs-guideline-author-role</b></p><a name=\"vs-guideline-author-role\"> </a><a name=\"hcvs-guideline-author-role\"> </a><ul><li>Include all codes defined in <a href=\"CodeSystem-cs-guideline-author-role.html\"><code>http://fhir.awmf.org/awmf.ig/CodeSystem/cs-guideline-author-role</code></a><span title=\"Version is not explicitly stated, which means it is fixed to the version provided in this specification\"> version &#x1F4E6;0.2.0</span></li></ul></div>"},"url":"http://fhir.awmf.org/awmf.ig/ValueSet/vs-guideline-author-role","version":"0.2.0","name":"GuidelineAuthorRoleVS","title":"Guideline Author Role","status":"draft","experimental":false,"date":"2026-01-29T18:27:10+00:00","publisher":"AWMF e.V.","contact":[{"name":"AWMF e.V.","telecom":[{"system":"url","value":"https://www.awmf.org"}]}],"description":"ValueSet listing roles that a author can have in a guideline.","compose":{"include":[{"system":"http://fhir.awmf.org/awmf.ig/CodeSystem/cs-guideline-author-role"}]}}