{"resourceType":"ValueSet","id":"vs-level-of-consensus","text":{"status":"generated","div":"<div xmlns=\"http://www.w3.org/1999/xhtml\"><p class=\"res-header-id\"><b>Generated Narrative: ValueSet vs-level-of-consensus</b></p><a name=\"vs-level-of-consensus\"> </a><a name=\"hcvs-level-of-consensus\"> </a><ul><li>Include all codes defined in <a href=\"CodeSystem-cs-level-of-consensus.html\"><code>http://fhir.awmf.org/awmf.ig/CodeSystem/cs-level-of-consensus</code></a><span title=\"Version is not explicitly stated, which means it is fixed to the version provided in this specification\"> version &#x1F4E6;0.2.0</span></li></ul></div>"},"url":"http://fhir.awmf.org/awmf.ig/ValueSet/vs-level-of-consensus","version":"0.2.0","name":"LevelOfConsensusVS","title":"Level Of Consensus","status":"draft","experimental":false,"date":"2026-01-29T18:27:10+00:00","publisher":"AWMF e.V.","contact":[{"name":"AWMF e.V.","telecom":[{"system":"url","value":"https://www.awmf.org"}]}],"description":"ValueSet listing values to define the level of consensus for a recommendation.","compose":{"include":[{"system":"http://fhir.awmf.org/awmf.ig/CodeSystem/cs-level-of-consensus"}]}}