{"resourceType":"ValueSet","id":"vs-guideline-contact-point","text":{"status":"generated","div":"<div xmlns=\"http://www.w3.org/1999/xhtml\"><p class=\"res-header-id\"><b>Generated Narrative: ValueSet vs-guideline-contact-point</b></p><a name=\"vs-guideline-contact-point\"> </a><a name=\"hcvs-guideline-contact-point\"> </a><ul><li>Include all codes defined in <a href=\"CodeSystem-cs-contact-point.html\"><code>http://fhir.awmf.org/awmf.ig/CodeSystem/cs-contact-point</code></a><span title=\"Version is not explicitly stated, which means it is fixed to the version provided in this specification\"> version &#x1F4E6;0.2.0</span></li></ul></div>"},"url":"http://fhir.awmf.org/awmf.ig/ValueSet/vs-guideline-contact-point","version":"0.2.0","name":"GuidelineContactPointVS","title":"Guideline Contact Point VS","status":"draft","experimental":false,"date":"2026-01-29T18:27:10+00:00","publisher":"AWMF e.V.","contact":[{"name":"AWMF e.V.","telecom":[{"system":"url","value":"https://www.awmf.org"}]}],"description":"ValueSet listing contact points relevant to guidelines, such as registrants, coordinators, and main contacts.","compose":{"include":[{"system":"http://fhir.awmf.org/awmf.ig/CodeSystem/cs-contact-point"}]}}