{"resourceType":"ValueSet","id":"vs-clinical-application-type","text":{"status":"generated","div":"<div xmlns=\"http://www.w3.org/1999/xhtml\"><p class=\"res-header-id\"><b>Generated Narrative: ValueSet vs-clinical-application-type</b></p><a name=\"vs-clinical-application-type\"> </a><a name=\"hcvs-clinical-application-type\"> </a><ul><li>Include all codes defined in <a href=\"CodeSystem-cs-clinical-application-type.html\"><code>http://fhir.awmf.org/awmf.ig/CodeSystem/cs-clinical-application-type</code></a><span title=\"Version is not explicitly stated, which means it is fixed to the version provided in this specification\"> version &#x1F4E6;0.2.0</span></li></ul></div>"},"url":"http://fhir.awmf.org/awmf.ig/ValueSet/vs-clinical-application-type","version":"0.2.0","name":"ClinicalApplicationTypeVS","title":"Clinical Application Type","status":"draft","experimental":false,"date":"2026-01-29T18:27:10+00:00","publisher":"AWMF e.V.","contact":[{"name":"AWMF e.V.","telecom":[{"system":"url","value":"https://www.awmf.org"}]}],"description":"ValueSet listing different clinical application types","compose":{"include":[{"system":"http://fhir.awmf.org/awmf.ig/CodeSystem/cs-clinical-application-type"}]}}