{"resourceType":"ValueSet","id":"vs-body-system-conditions","text":{"status":"generated","div":"<div xmlns=\"http://www.w3.org/1999/xhtml\"><p class=\"res-header-id\"><b>Generated Narrative: ValueSet vs-body-system-conditions</b></p><a name=\"vs-body-system-conditions\"> </a><a name=\"hcvs-body-system-conditions\"> </a><ul><li>Include all codes defined in <a href=\"CodeSystem-cs-body-systems-conditions.html\"><code>http://fhir.awmf.org/awmf.ig/CodeSystem/cs-body-systems-conditions</code></a><span title=\"Version is not explicitly stated, which means it is fixed to the version provided in this specification\"> version &#x1F4E6;0.2.0</span></li></ul></div>"},"url":"http://fhir.awmf.org/awmf.ig/ValueSet/vs-body-system-conditions","version":"0.2.0","name":"BodySystemConditionsVS","title":"Body System Conditions","status":"draft","experimental":false,"date":"2026-01-29T18:27:10+00:00","publisher":"AWMF e.V.","contact":[{"name":"AWMF e.V.","telecom":[{"system":"url","value":"https://www.awmf.org"}]}],"description":"ValueSet listing various body system conditions","compose":{"include":[{"system":"http://fhir.awmf.org/awmf.ig/CodeSystem/cs-body-systems-conditions"}]}}