{"resourceType":"ValueSet","id":"vs-recommendation-review-status","text":{"status":"generated","div":"<div xmlns=\"http://www.w3.org/1999/xhtml\"><p class=\"res-header-id\"><b>Generated Narrative: ValueSet vs-recommendation-review-status</b></p><a name=\"vs-recommendation-review-status\"> </a><a name=\"hcvs-recommendation-review-status\"> </a><ul><li>Include all codes defined in <a href=\"CodeSystem-cs-recommendation-review-status.html\"><code>http://fhir.awmf.org/awmf.ig/CodeSystem/cs-recommendation-review-status</code></a><span title=\"Version is not explicitly stated, which means it is fixed to the version provided in this specification\"> version &#x1F4E6;0.2.0</span></li></ul></div>"},"url":"http://fhir.awmf.org/awmf.ig/ValueSet/vs-recommendation-review-status","version":"0.2.0","name":"RecommendationReviewStatusVS","title":"Recommendation Review Status Value Set","status":"draft","experimental":false,"date":"2026-01-29T18:27:10+00:00","publisher":"AWMF e.V.","contact":[{"name":"AWMF e.V.","telecom":[{"system":"url","value":"https://www.awmf.org"}]}],"description":"ValueSet representing the review-related status of a recommendation in a new guideline version","compose":{"include":[{"system":"http://fhir.awmf.org/awmf.ig/CodeSystem/cs-recommendation-review-status"}]}}