{"resourceType":"ValueSet","id":"vs-content-types","text":{"status":"generated","div":"<div xmlns=\"http://www.w3.org/1999/xhtml\"><p class=\"res-header-id\"><b>Generated Narrative: ValueSet vs-content-types</b></p><a name=\"vs-content-types\"> </a><a name=\"hcvs-content-types\"> </a><ul><li>Include these codes as defined in <a href=\"CodeSystem-cs-guideline-sections.html\"><code>http://fhir.awmf.org/awmf.ig/CodeSystem/cs-guideline-sections</code></a><span title=\"Version is not explicitly stated, which means it is fixed to the version provided in this specification\"> version &#x1F4E6;0.2.0</span><table class=\"none\"><tr><td style=\"white-space:nowrap\"><b>Code</b></td><td><b>Display</b></td></tr><tr><td><a href=\"CodeSystem-cs-guideline-sections.html#cs-guideline-sections-long-version\">long-version</a></td><td>Long Version</td></tr><tr><td><a href=\"CodeSystem-cs-guideline-sections.html#cs-guideline-sections-short-version\">short-version</a></td><td>Short Version</td></tr><tr><td><a href=\"CodeSystem-cs-guideline-sections.html#cs-guideline-sections-guideline-report\">guideline-report</a></td><td>Guideline Report</td></tr><tr><td><a href=\"CodeSystem-cs-guideline-sections.html#cs-guideline-sections-evidence-report\">evidence-report</a></td><td>Evidence Report</td></tr><tr><td><a href=\"CodeSystem-cs-guideline-sections.html#cs-guideline-sections-implementation-guidance\">implementation-guidance</a></td><td>Implementation Guidance</td></tr><tr><td><a href=\"CodeSystem-cs-guideline-sections.html#cs-guideline-sections-decision-support\">decision-support</a></td><td>Decision Support</td></tr><tr><td><a href=\"CodeSystem-cs-guideline-sections.html#cs-guideline-sections-patient-version\">patient-version</a></td><td>Patient Version</td></tr><tr><td><a href=\"CodeSystem-cs-guideline-sections.html#cs-guideline-sections-choosing-wisely\">choosing-wisely</a></td><td>Choosing Wisely</td></tr><tr><td><a href=\"CodeSystem-cs-guideline-sections.html#cs-guideline-sections-quality-indicators\">quality-indicators</a></td><td>Quality Indicators</td></tr><tr><td><a href=\"CodeSystem-cs-guideline-sections.html#cs-guideline-sections-declaration-of-interests\">declaration-of-interests</a></td><td>Declaration of Interests</td></tr><tr><td><a href=\"CodeSystem-cs-guideline-sections.html#cs-guideline-sections-short-patient-version\">short-patient-version</a></td><td>Short Version for Patients</td></tr><tr><td><a href=\"CodeSystem-cs-guideline-sections.html#cs-guideline-sections-update-info\">update-info</a></td><td>Short Information About an Update</td></tr><tr><td><a href=\"CodeSystem-cs-guideline-sections.html#cs-guideline-sections-slide-deck\">slide-deck</a></td><td>Slide Deck</td></tr><tr><td><a href=\"CodeSystem-cs-guideline-sections.html#cs-guideline-sections-visual-abstract\">visual-abstract</a></td><td>Visual Abstract</td></tr><tr><td><a href=\"CodeSystem-cs-guideline-sections.html#cs-guideline-sections-document\">document</a></td><td>Document</td></tr><tr><td><a href=\"CodeSystem-cs-guideline-sections.html#cs-guideline-sections-image\">image</a></td><td>Image</td></tr><tr><td><a href=\"CodeSystem-cs-guideline-sections.html#cs-guideline-sections-video\">video</a></td><td>Video</td></tr><tr><td><a href=\"CodeSystem-cs-guideline-sections.html#cs-guideline-sections-podcast\">podcast</a></td><td>Podcast</td></tr><tr><td><a href=\"CodeSystem-cs-guideline-sections.html#cs-guideline-sections-other\">other</a></td><td>Other</td></tr></table></li></ul></div>"},"url":"http://fhir.awmf.org/awmf.ig/ValueSet/vs-content-types","version":"0.2.0","name":"ContentTypesVS","title":"Content Types","status":"draft","experimental":false,"date":"2026-01-29T18:27:10+00:00","publisher":"AWMF e.V.","contact":[{"name":"AWMF e.V.","telecom":[{"system":"url","value":"https://www.awmf.org"}]}],"description":"ValueSet listing types of content that can be part of a guideline or recommendation.","compose":{"include":[{"system":"http://fhir.awmf.org/awmf.ig/CodeSystem/cs-guideline-sections","concept":[{"code":"long-version","display":"Long Version"},{"code":"short-version","display":"Short Version"},{"code":"guideline-report","display":"Guideline Report"},{"code":"evidence-report","display":"Evidence Report"},{"code":"implementation-guidance","display":"Implementation Guidance"},{"code":"decision-support","display":"Decision Support"},{"code":"patient-version","display":"Patient Version"},{"code":"choosing-wisely","display":"Choosing Wisely"},{"code":"quality-indicators","display":"Quality Indicators"},{"code":"declaration-of-interests","display":"Declaration of Interests"},{"code":"short-patient-version","display":"Short Version for Patients"},{"code":"update-info","display":"Short Information About an Update"},{"code":"slide-deck","display":"Slide Deck"},{"code":"visual-abstract","display":"Visual Abstract"},{"code":"document","display":"Document"},{"code":"image","display":"Image"},{"code":"video","display":"Video"},{"code":"podcast","display":"Podcast"},{"code":"other","display":"Other"}]}]}}