{
  "resourceType" : "ArtifactAssessment",
  "id" : "RoB-CognitiveTestsWhenSuspectingDementia-Sensitivity",
  "meta" : {
    "profile" : ["http://fhir.awmf.org/awmf.ig/StructureDefinition/evidence-internal-assessment-cochrane-rob"]
  },
  "text" : {
    "status" : "generated",
    "div" : "<div xmlns=\"http://www.w3.org/1999/xhtml\" dir=\"ltr\">Certainty of Evidence Rating Ris of Bias for Cognitive Tests When Suspecting Dementia on Sensitivity</div>"
  },
  "artifactReference" : {
    "reference" : "Citation/CitationSystematicReviewTsoi2015"
  },
  "content" : [{
    "type" : {
      "coding" : [{
        "system" : "http://hl7.org/fhir/certainty-type",
        "code" : "Overall",
        "display" : "Overall certainty"
      }]
    },
    "classifier" : [{
      "coding" : [{
        "system" : "http://fhir.awmf.org/awmf.ig/CodeSystem/cs-rob-2-overall-judgment",
        "code" : "low_risk_of_bias",
        "display" : "Low risk of bias"
      }]
    }]
  }],
  "workflowStatus" : "applied"
}