{
  "resourceType" : "ArtifactAssessment",
  "id" : "EvA-MultiplexPCRDiagnostic-AntibioticDays",
  "meta" : {
    "profile" : ["http://fhir.awmf.org/awmf.ig/StructureDefinition/evidence-overall-assessment-grade"]
  },
  "text" : {
    "status" : "generated",
    "div" : "<div xmlns=\"http://www.w3.org/1999/xhtml\" dir=\"ltr\">Certainty of evidence rating for the impact of Multiplex-PCR-Diagnostik on antibiotic days</div>"
  },
  "artifactReference" : {
    "reference" : "Evidence/Evidence-MultiplexPCRDiagnostic-AntibioticDays"
  },
  "content" : [{
    "type" : {
      "coding" : [{
        "system" : "http://hl7.org/fhir/certainty-type",
        "code" : "Overall",
        "display" : "Overall certainty"
      }]
    },
    "classifier" : [{
      "coding" : [{
        "system" : "http://terminology.hl7.org/CodeSystem/certainty-rating",
        "code" : "very-low",
        "display" : "Very low quality"
      }]
    }]
  },
  {
    "type" : {
      "coding" : [{
        "system" : "https://fevir.net/resources/CodeSystem/179423",
        "code" : "rating-system",
        "display" : "Rating System"
      }]
    },
    "classifier" : [{
      "coding" : [{
        "system" : "http://hl7.org/fhir/uv/ebm/CodeSystem/evidence-rating-system-classifier-codesystem",
        "code" : "GRADE"
      }]
    }]
  }],
  "workflowStatus" : "applied"
}