{
  "resourceType" : "Composition",
  "id" : "GuidelineExample",
  "meta" : {
    "profile" : ["http://fhir.awmf.org/awmf.ig/StructureDefinition/awmf-guideline"]
  },
  "text" : {
    "status" : "generated",
    "div" : "<div xmlns=\"http://www.w3.org/1999/xhtml\" dir=\"ltr\">Guideline Example</div>"
  },
  "identifier" : [{
    "use" : "official",
    "system" : "https://example.org/identifiers",
    "value" : "AWMF-Guideline-Example"
  }],
  "version" : "2.0",
  "status" : "final",
  "type" : {
    "coding" : [{
      "system" : "https://fevir.net/resources/CodeSystem/179423",
      "code" : "Guideline",
      "display" : "Guideline"
    }]
  },
  "date" : "2025-03-06",
  "author" : [{
    "reference" : "Practitioner/GuidelineAuthorExample"
  }],
  "title" : "Example Guideline"
}