{
  "resourceType" : "Composition",
  "id" : "AWMFGuidelineRecordS2kExample",
  "meta" : {
    "profile" : ["http://fhir.awmf.org/awmf.ig/StructureDefinition/awmf-guideline-record-s2k"]
  },
  "text" : {
    "status" : "generated",
    "div" : "<div xmlns=\"http://www.w3.org/1999/xhtml\" dir=\"ltr\">AWMF Guideline S2k Example</div>"
  },
  "identifier" : [{
    "use" : "official",
    "system" : "http://fhir.awmf.org/guidelines",
    "value" : "999-997"
  }],
  "version" : "2.0",
  "status" : "final",
  "type" : {
    "coding" : [{
      "system" : "http://fhir.awmf.org/awmf.ig/CodeSystem/cs-awmf",
      "code" : "guideline-registry-record",
      "display" : "Guideline Registry Record"
    }]
  },
  "date" : "2025-03-06",
  "author" : [{
    "extension" : [{
      "url" : "http://fhir.awmf.org/awmf.ig/StructureDefinition/ext-guideline-author-role",
      "valueCodeableConcept" : {
        "coding" : [{
          "system" : "http://fhir.awmf.org/awmf.ig/CodeSystem/cs-guideline-author-role",
          "code" : "registrant"
        }]
      }
    }],
    "reference" : "PractitionerRole/GuidelineAuthorRoleExample"
  }],
  "title" : "AWMF S2k Example Guideline"
}