{
  "resourceType" : "EvidenceVariable",
  "id" : "OutcomeMortality",
  "text" : {
    "status" : "generated",
    "div" : "<div xmlns=\"http://www.w3.org/1999/xhtml\" dir=\"ltr\">Outcome Mortality</div>"
  },
  "url" : "http://fhir.awmf.org/awmf.ig/EvidenceVariable/OutcomeMortality",
  "version" : "0.2.0",
  "status" : "active",
  "date" : "2026-01-29T18:27:10+00:00",
  "publisher" : "AWMF e.V.",
  "contact" : [{
    "name" : "AWMF e.V.",
    "telecom" : [{
      "system" : "url",
      "value" : "https://www.awmf.org"
    }]
  }]
}