{
  "resourceType" : "Organization",
  "id" : "GFV",
  "meta" : {
    "profile" : ["http://fhir.awmf.org/awmf.ig/StructureDefinition/awmf-member-organization"]
  },
  "text" : {
    "status" : "generated",
    "div" : "<div xmlns=\"http://www.w3.org/1999/xhtml\" dir=\"ltr\">Gesellschaft für Virologie e.V. (GfV)</div>"
  },
  "identifier" : [{
    "system" : "http://fhir.awmf.org/association",
    "value" : "093"
  }],
  "type" : [{
    "coding" : [{
      "system" : "http://fhir.awmf.org/awmf.ig/CodeSystem/cs-awmf",
      "code" : "medical-society"
    }]
  }],
  "name" : "Gesellschaft für Virologie e.V. (GfV)",
  "contact" : [{
    "telecom" : [{
      "system" : "url",
      "value" : "https://www.awmf.org/fachgesellschaften/gesellschaft-fuer-virologie-e-v-gfv"
    }]
  }],
  "qualification" : [{
    "code" : {
      "coding" : [{
        "system" : "http://fhir.awmf.org/awmf.ig/CodeSystem/cs-awmf",
        "code" : "awmf-member-organization"
      }]
    }
  }]
}