{
  "resourceType" : "PractitionerRole",
  "id" : "JessicaRademacherDGPFor020-013",
  "meta" : {
    "profile" : ["http://fhir.awmf.org/awmf.ig/StructureDefinition/guideline-author-role"]
  },
  "text" : {
    "status" : "generated",
    "div" : "<div xmlns=\"http://www.w3.org/1999/xhtml\" dir=\"ltr\">Jessica Rademacher for DGP in the context of 020-013</div>"
  },
  "period" : {
    "start" : "2022-08-01",
    "end" : "2023-12-31"
  },
  "practitioner" : {
    "reference" : "Practitioner/JessicaRademacher"
  },
  "organization" : {
    "reference" : "Organization/DGP"
  },
  "code" : [{
    "text" : "Koordination und wissenschaftliche Leitung"
  }]
}